BMW X5 G05%2019 г. автомат, 3.0 л, бензин, внедорожник 5 дв. 58 500 км%https://cars.av.by/bmw/x5/103649155%154 837 р.
Volkswagen Polo Sedan I · Рестайлинг%2020 г. механика, 1.6 л, бензин, седан 72 471 км%https://cars.av.by/volkswagen/polo-sedan/103501470%39 966 р.
Mercedes-Benz GLE W167%2019 г. автомат, 2.9 л, дизель, внедорожник 5 дв. 51 000 км%https://cars.av.by/mercedes-benz/gle/103598388%288 501 р.
Lada (ВАЗ) Vesta%2021 г. механика, 1.6 л, бензин, универсал 27 968 км%https://cars.av.by/lada-vaz/vesta/103501524%36 922 р.
Honda Civic X%2019 г. вариатор, 1.5 л, бензин, хэтчбек 5 дв. 40 000 км%https://cars.av.by/honda/civic/103649533%60 611 р.
Toyota Camry XV70 · Рестайлинг%2021 г. автомат, 2.5 л, бензин, седан 33 796 км%https://cars.av.by/toyota/camry/103409866%79 401 р.
Opel Grandland X I%2019 г. автомат, 1.5 л, дизель, внедорожник 5 дв. 105 450 км%https://cars.av.by/opel/grandland-x/103589698%57 567 р.
Lada (ВАЗ) Vesta%2021 г. механика, 1.6 л, бензин (пропан-бутан), седан 38 172 км%https://cars.av.by/lada-vaz/vesta/103649377%33 349 р.
Toyota ProAce Verso II%2019 г. механика, 1.5 л, дизель, микроавтобус пассажирский 46 000 км%https://cars.av.by/toyota/proace-verso/103649569%76 492 р.
BMW 7 серия F02 (Long)%2008 г. автомат, 3.0 л, бензин, седан 211 000 км%null%39 263 р.
Mazda CX-5 I%2014 г. механика, 2.0 л, бензин, внедорожник 5 дв. 130 000 км%https://cars.av.by/mazda/cx-5/103779348%47 454 р.
BMW 7 серия F02 (Long)%2008 г. автомат, 3.0 л, бензин, седан 211 000 км%https://cars.av.by/mazda/cx-5/103779348%39 263 р.
Lexus IS II%2008 г. автомат, 5.0 л, бензин, седан 200 000 км%https://cars.av.by/mazda/cx-5/103779348%73 442 р.
Ford Fusion USA II%2014 г. автомат, 1.5 л, бензин, седан 72 250 км%https://cars.av.by/mazda/cx-5/103779348%37 709 р.
Lada (ВАЗ) Kalina II%2013 г. механика, 1.6 л, бензин, хэтчбек 5 дв. 187 км%https://cars.av.by/mazda/cx-5/103779348%19 772 р.
Volvo S80 II%2009 г. механика, 2.0 л, дизель, седан 350 000 км%https://cars.av.by/mazda/cx-5/103779348%33 896 р.
Audi Q5 8R%2011 г. автомат, 2.0 л, бензин, внедорожник 5 дв. 157 200 км%https://cars.av.by/mazda/cx-5/103779348%31 919 р.
Mazda 323F%1995 г. механика, 1.5 л, бензин, хэтчбек 5 дв. 333 000 км%https://cars.av.by/mazda/cx-5/103779348%1129 р.
BMW 3 серия F30,F31 · Рестайлинг%2019 г. автомат, 2.0 л, дизель, универсал 54 400 км%https://cars.av.by/bmw/3-seriya/103674641%100 276 р.
BMW X3 G01%2019 г. автомат, 3.0 л, дизель, внедорожник 5 дв. 88 000 км%https://cars.av.by/bmw/x3/103817165%177 956 р.
Volvo XC60 II%2019 г. автомат, 2.0 л, дизель, внедорожник 5 дв. 58 500 км%https://cars.av.by/volvo/xc60/103372515%124 145 р.
BMW 3 серия G20%2019 г. автомат, 2.0 л, бензин, седан 60 000 км%https://cars.av.by/bmw/3-seriya/103582198%95 616 р.
BMW X5 G05%2022 г. автомат, 3.0 л, дизель, внедорожник 5 дв. 78 км%https://cars.av.by/bmw/x5/103901663%423 705 р.
Volvo V90 II%2019 г. автомат, 2.0 л, дизель, универсал 105 000 км%https://cars.av.by/volvo/v90/103269723%101 689 р.
BMW X5 G05%2019 г. автомат, 3.0 л, дизель, внедорожник 5 дв. 137 000 км%https://cars.av.by/bmw/x5/103857885%248 573 р.
BMW i4%2022 г. автомат, электро, лифтбек, запас хода 590 км 918 км%https://cars.av.by/bmw/i4/103423247%225 834 р.
BMW X4 G02 · Рестайлинг%2022 г. автомат, 2.0 л, бензин, внедорожник 5 дв. 812 км%https://cars.av.by/bmw/x4/103922837%266 934 р.
Volvo V60 II%2019 г. автомат, 2.0 л, дизель, универсал 155 000 км%https://cars.av.by/volvo/v60/103351548%69 205 р.
BMW 3 серия G20%2019 г. автомат, 2.0 л, дизель, седан 126 000 км%https://cars.av.by/bmw/3-seriya/103361140%108 750 р.
Volvo XC40%2019 г. механика, 2.0 л, дизель, внедорожник 5 дв. 160 000 км%https://cars.av.by/volvo/xc40/103924875%70 476 р.
Volvo V90 Cross Country I%2019 г. автомат, 2.0 л, дизель, универсал 170 000 км%https://cars.av.by/volvo/v90-cross-country/103168977%110 982 р.
BMW X1 F48 · Рестайлинг%2019 г. автомат, 2.0 л, дизель, внедорожник 5 дв. 82 100 км%https://cars.av.by/bmw/x1/103925461%94 627 р.
BMW 3 серия G20%2019 г. автомат, 2.0 л, дизель, седан 60 000 км%https://cars.av.by/bmw/3-seriya/103315307%106 491 р.
BMW X4 G02%2020 г. автомат, 2.0 л, дизель, внедорожник 5 дв. 93 000 км%https://cars.av.by/bmw/x4/103384763%129 794 р.
BMW 3 серия G20%2019 г. автомат, 2.0 л, бензин, седан 110 000 км%https://cars.av.by/bmw/3-seriya/103928174%84 738 р.
BMW X5 G05%2019 г. автомат, 3.0 л, дизель, внедорожник 5 дв. 73 450 км%https://cars.av.by/bmw/x5/103758290%197 729 р.
Volvo XC90 II · Рестайлинг, 7 мест%2022 г. автомат, 2.0 л, дизель, внедорожник 5 дв. 10 000 км%https://cars.av.by/volvo/xc90/103922789%264 674 р.
BMW X1 F48%2019 г. автомат, 2.0 л, дизель, внедорожник 5 дв. 92 000 км%https://cars.av.by/bmw/x1/103915002%98 582 р.
BMW 7 серия F02 (Long)%2008 г. автомат, 3.0 л, бензин, седан 211 000 км%https://cars.av.by/bmw/7-seriya/103933675%39 263 р.
Citroen Xsara I · Рестайлинг%2001 г. автомат, 1.6 л, бензин, хэтчбек 5 дв. 230 000 км%https://cars.av.by/citroen/xsara/103933703%10 451 р.
Mercedes-Benz Vito W639%2008 г. автомат, 2.1 л, дизель, микроавтобус пассажирский 380 000 км%https://cars.av.by/mercedes-benz/vito/103933698%49 432 р.
Audi A7 4G%2011 г. робот, 3.0 л, бензин, лифтбек 298 000 км%https://cars.av.by/audi/a7/103933702%64 968 р.
Lexus IS II%2008 г. автомат, 5.0 л, бензин, седан 200 000 км%https://cars.av.by/lexus/is/103933676%73 442 р.
Ford Fusion USA II%2014 г. автомат, 1.5 л, бензин, седан 72 250 км%https://cars.av.by/ford/fusion-usa/103423258%37 709 р.
Lada (ВАЗ) Kalina II%2013 г. механика, 1.6 л, бензин, хэтчбек 5 дв. 187 км%https://cars.av.by/lada-vaz/kalina/100517982%19 772 р.
Volvo S80 II%2009 г. механика, 2.0 л, дизель, седан 350 000 км%https://cars.av.by/volvo/s80/103933680%33 896 р.
Audi Q5 8R%2011 г. автомат, 2.0 л, бензин, внедорожник 5 дв. 157 200 км%https://cars.av.by/audi/q5/103933671%31 919 р.
Mazda 323F%1995 г. механика, 1.5 л, бензин, хэтчбек 5 дв. 333 000 км%https://cars.av.by/mazda/323f/103933670%1129 р.
Citroen C4 II%2011 г. механика, 1.6 л, бензин, хэтчбек 5 дв. 213 000 км%https://cars.av.by/citroen/c4/103933667%21 750 р.
Citroen Xsara I · Рестайлинг%2001 г. автомат, 1.6 л, бензин, хэтчбек 5 дв. 230 000 км%https://cars.av.by/citroen/xsara/103933703%10 451 р.
Mercedes-Benz Vito W639%2008 г. автомат, 2.1 л, дизель, микроавтобус пассажирский 380 000 км%https://cars.av.by/mercedes-benz/vito/103933698%49 432 р.
Audi A7 4G%2011 г. робот, 3.0 л, бензин, лифтбек 298 000 км%https://cars.av.by/audi/a7/103933702%64 968 р.
Lexus IS II%2008 г. автомат, 5.0 л, бензин, седан 200 000 км%https://cars.av.by/lexus/is/103933676%73 442 р.
Ford Fusion USA II%2014 г. автомат, 1.5 л, бензин, седан 72 250 км%https://cars.av.by/ford/fusion-usa/103423258%37 709 р.
Lada (ВАЗ) Kalina II%2013 г. механика, 1.6 л, бензин, хэтчбек 5 дв. 187 км%https://cars.av.by/lada-vaz/kalina/100517982%19 772 р.
Volvo S80 II%2009 г. механика, 2.0 л, дизель, седан 350 000 км%https://cars.av.by/volvo/s80/103933680%33 896 р.
Audi Q5 8R%2011 г. автомат, 2.0 л, бензин, внедорожник 5 дв. 157 200 км%https://cars.av.by/audi/q5/103933671%31 919 р.
Mazda 323F%1995 г. механика, 1.5 л, бензин, хэтчбек 5 дв. 333 000 км%https://cars.av.by/mazda/323f/103933670%1129 р.
Citroen C4 II%2011 г. механика, 1.6 л, бензин, хэтчбек 5 дв. 213 000 км%https://cars.av.by/citroen/c4/103933667%21 750 р.
Citroen Xsara I · Рестайлинг%2001 г. автомат, 1.6 л, бензин, хэтчбек 5 дв. 230 000 км%https://cars.av.by/citroen/xsara/103933703%10 451 р.
Mercedes-Benz Vito W639%2008 г. автомат, 2.1 л, дизель, микроавтобус пассажирский 380 000 км%https://cars.av.by/mercedes-benz/vito/103933698%49 432 р.
Audi A7 4G%2011 г. робот, 3.0 л, бензин, лифтбек 298 000 км%https://cars.av.by/audi/a7/103933702%64 968 р.
Lexus IS II%2008 г. автомат, 5.0 л, бензин, седан 200 000 км%https://cars.av.by/lexus/is/103933676%73 442 р.
Ford Fusion USA II%2014 г. автомат, 1.5 л, бензин, седан 72 250 км%https://cars.av.by/ford/fusion-usa/103423258%37 709 р.
Lada (ВАЗ) Kalina II%2013 г. механика, 1.6 л, бензин, хэтчбек 5 дв. 187 км%https://cars.av.by/lada-vaz/kalina/100517982%19 772 р.
Volvo S80 II%2009 г. механика, 2.0 л, дизель, седан 350 000 км%https://cars.av.by/volvo/s80/103933680%33 896 р.
Audi Q5 8R%2011 г. автомат, 2.0 л, бензин, внедорожник 5 дв. 157 200 км%https://cars.av.by/audi/q5/103933671%31 919 р.
Mazda 323F%1995 г. механика, 1.5 л, бензин, хэтчбек 5 дв. 333 000 км%https://cars.av.by/mazda/323f/103933670%1129 р.
Citroen C4 II%2011 г. механика, 1.6 л, бензин, хэтчбек 5 дв. 213 000 км%https://cars.av.by/citroen/c4/103933667%21 750 р.
Citroen Xsara I · Рестайлинг%2001 г. автомат, 1.6 л, бензин, хэтчбек 5 дв. 230 000 км%https://cars.av.by/citroen/xsara/103933703%10 451 р.
Mercedes-Benz Vito W639%2008 г. автомат, 2.1 л, дизель, микроавтобус пассажирский 380 000 км%https://cars.av.by/mercedes-benz/vito/103933698%49 432 р.
Audi A7 4G%2011 г. робот, 3.0 л, бензин, лифтбек 298 000 км%https://cars.av.by/audi/a7/103933702%64 968 р.
Lexus IS II%2008 г. автомат, 5.0 л, бензин, седан 200 000 км%https://cars.av.by/lexus/is/103933676%73 442 р.
Ford Fusion USA II%2014 г. автомат, 1.5 л, бензин, седан 72 250 км%https://cars.av.by/ford/fusion-usa/103423258%37 709 р.
Lada (ВАЗ) Kalina II%2013 г. механика, 1.6 л, бензин, хэтчбек 5 дв. 187 км%https://cars.av.by/lada-vaz/kalina/100517982%19 772 р.
Volvo S80 II%2009 г. механика, 2.0 л, дизель, седан 350 000 км%https://cars.av.by/volvo/s80/103933680%33 896 р.
Audi Q5 8R%2011 г. автомат, 2.0 л, бензин, внедорожник 5 дв. 157 200 км%https://cars.av.by/audi/q5/103933671%31 919 р.
Mazda 323F%1995 г. механика, 1.5 л, бензин, хэтчбек 5 дв. 333 000 км%https://cars.av.by/mazda/323f/103933670%1129 р.
Citroen C4 II%2011 г. механика, 1.6 л, бензин, хэтчбек 5 дв. 213 000 км%https://cars.av.by/citroen/c4/103933667%21 750 р.
Citroen Xsara I · Рестайлинг%2001 г. автомат, 1.6 л, бензин, хэтчбек 5 дв. 230 000 км%https://cars.av.by/citroen/xsara/103933703%10 451 р.
Mercedes-Benz Vito W639%2008 г. автомат, 2.1 л, дизель, микроавтобус пассажирский 380 000 км%https://cars.av.by/mercedes-benz/vito/103933698%49 432 р.
Audi A7 4G%2011 г. робот, 3.0 л, бензин, лифтбек 298 000 км%https://cars.av.by/audi/a7/103933702%64 968 р.
Lexus IS II%2008 г. автомат, 5.0 л, бензин, седан 200 000 км%https://cars.av.by/lexus/is/103933676%73 442 р.
Ford Fusion USA II%2014 г. автомат, 1.5 л, бензин, седан 72 250 км%https://cars.av.by/ford/fusion-usa/103423258%37 709 р.
Lada (ВАЗ) Kalina II%2013 г. механика, 1.6 л, бензин, хэтчбек 5 дв. 187 км%https://cars.av.by/lada-vaz/kalina/100517982%19 772 р.
Volvo S80 II%2009 г. механика, 2.0 л, дизель, седан 350 000 км%https://cars.av.by/volvo/s80/103933680%33 896 р.
Audi Q5 8R%2011 г. автомат, 2.0 л, бензин, внедорожник 5 дв. 157 200 км%https://cars.av.by/audi/q5/103933671%31 919 р.
Mazda 323F%1995 г. механика, 1.5 л, бензин, хэтчбек 5 дв. 333 000 км%https://cars.av.by/mazda/323f/103933670%1129 р.
Citroen C4 II%2011 г. механика, 1.6 л, бензин, хэтчбек 5 дв. 213 000 км%https://cars.av.by/citroen/c4/103933667%21 750 р.
Citroen Xsara I · Рестайлинг%2001 г. автомат, 1.6 л, бензин, хэтчбек 5 дв. 230 000 км%https://cars.av.by/citroen/xsara/103933703%10 451 р.
Mercedes-Benz Vito W639%2008 г. автомат, 2.1 л, дизель, микроавтобус пассажирский 380 000 км%https://cars.av.by/mercedes-benz/vito/103933698%49 432 р.
Audi A7 4G%2011 г. робот, 3.0 л, бензин, лифтбек 298 000 км%https://cars.av.by/audi/a7/103933702%64 968 р.
Lexus IS II%2008 г. автомат, 5.0 л, бензин, седан 200 000 км%https://cars.av.by/lexus/is/103933676%73 442 р.
Ford Fusion USA II%2014 г. автомат, 1.5 л, бензин, седан 72 250 км%https://cars.av.by/ford/fusion-usa/103423258%37 709 р.
Lada (ВАЗ) Kalina II%2013 г. механика, 1.6 л, бензин, хэтчбек 5 дв. 187 км%https://cars.av.by/lada-vaz/kalina/100517982%19 772 р.
Volvo S80 II%2009 г. механика, 2.0 л, дизель, седан 350 000 км%https://cars.av.by/volvo/s80/103933680%33 896 р.
Audi Q5 8R%2011 г. автомат, 2.0 л, бензин, внедорожник 5 дв. 157 200 км%https://cars.av.by/audi/q5/103933671%31 919 р.
Mazda 323F%1995 г. механика, 1.5 л, бензин, хэтчбек 5 дв. 333 000 км%https://cars.av.by/mazda/323f/103933670%1129 р.
Citroen C4 II%2011 г. механика, 1.6 л, бензин, хэтчбек 5 дв. 213 000 км%https://cars.av.by/citroen/c4/103933667%21 750 р.
Citroen Xsara I · Рестайлинг%2001 г. автомат, 1.6 л, бензин, хэтчбек 5 дв. 230 000 км%https://cars.av.by/citroen/xsara/103933703%10 451 р.
Mercedes-Benz Vito W639%2008 г. автомат, 2.1 л, дизель, микроавтобус пассажирский 380 000 км%https://cars.av.by/mercedes-benz/vito/103933698%49 432 р.
Audi A7 4G%2011 г. робот, 3.0 л, бензин, лифтбек 298 000 км%https://cars.av.by/audi/a7/103933702%64 968 р.
Lexus IS II%2008 г. автомат, 5.0 л, бензин, седан 200 000 км%https://cars.av.by/lexus/is/103933676%73 442 р.
Ford Fusion USA II%2014 г. автомат, 1.5 л, бензин, седан 72 250 км%https://cars.av.by/ford/fusion-usa/103423258%37 709 р.
Lada (ВАЗ) Kalina II%2013 г. механика, 1.6 л, бензин, хэтчбек 5 дв. 187 км%https://cars.av.by/lada-vaz/kalina/100517982%19 772 р.
Volvo S80 II%2009 г. механика, 2.0 л, дизель, седан 350 000 км%https://cars.av.by/volvo/s80/103933680%33 896 р.
Audi Q5 8R%2011 г. автомат, 2.0 л, бензин, внедорожник 5 дв. 157 200 км%https://cars.av.by/audi/q5/103933671%31 919 р.
Mazda 323F%1995 г. механика, 1.5 л, бензин, хэтчбек 5 дв. 333 000 км%https://cars.av.by/mazda/323f/103933670%1129 р.
Citroen C4 II%2011 г. механика, 1.6 л, бензин, хэтчбек 5 дв. 213 000 км%https://cars.av.by/citroen/c4/103933667%21 750 р.
Citroen Xsara I · Рестайлинг%2001 г. автомат, 1.6 л, бензин, хэтчбек 5 дв. 230 000 км%https://cars.av.by/citroen/xsara/103933703%10 451 р.
Mercedes-Benz Vito W639%2008 г. автомат, 2.1 л, дизель, микроавтобус пассажирский 380 000 км%https://cars.av.by/mercedes-benz/vito/103933698%49 432 р.
Audi A7 4G%2011 г. робот, 3.0 л, бензин, лифтбек 298 000 км%https://cars.av.by/audi/a7/103933702%64 968 р.
Lexus IS II%2008 г. автомат, 5.0 л, бензин, седан 200 000 км%https://cars.av.by/lexus/is/103933676%73 442 р.
Ford Fusion USA II%2014 г. автомат, 1.5 л, бензин, седан 72 250 км%https://cars.av.by/ford/fusion-usa/103423258%37 709 р.
Lada (ВАЗ) Kalina II%2013 г. механика, 1.6 л, бензин, хэтчбек 5 дв. 187 км%https://cars.av.by/lada-vaz/kalina/100517982%19 772 р.
Volvo S80 II%2009 г. механика, 2.0 л, дизель, седан 350 000 км%https://cars.av.by/volvo/s80/103933680%33 896 р.
Audi Q5 8R%2011 г. автомат, 2.0 л, бензин, внедорожник 5 дв. 157 200 км%https://cars.av.by/audi/q5/103933671%31 919 р.
Mazda 323F%1995 г. механика, 1.5 л, бензин, хэтчбек 5 дв. 333 000 км%https://cars.av.by/mazda/323f/103933670%1129 р.
Citroen C4 II%2011 г. механика, 1.6 л, бензин, хэтчбек 5 дв. 213 000 км%https://cars.av.by/citroen/c4/103933667%21 750 р.
BMW 5 серия G30, G31%2019 г. автомат, 2.0 л, бензин, седан 71 000 км%https://cars.av.by/bmw/5-seriya/103201448%126 860 р.
BMW X5 G05%2021 г. автомат, 3.0 л, дизель, внедорожник 5 дв. 44 000 км%https://cars.av.by/bmw/x5/102560874%296 667 р.
BMW X7 I, 7 мест%2020 г. автомат, 3.0 л, дизель, внедорожник 5 дв. 87 000 км%https://cars.av.by/bmw/x7/102608050%259 654 р.
BMW X3 G01%2020 г. автомат, 2.0 л, дизель, внедорожник 5 дв. 61 000 км%https://cars.av.by/bmw/x3/103945586%126 803 р.
BMW 7 серия G11 · Рестайлинг%2020 г. автомат, 3.0 л, дизель, седан 75 790 км%https://cars.av.by/bmw/7-seriya/103757952%271 235 р.
BMW 3 серия G20%2019 г. автомат, 2.0 л, бензин, седан 62 000 км%https://cars.av.by/bmw/3-seriya/102577184%97 476 р.
Lexus RX IV · Рестайлинг%2021 г. автомат, 2.0 л, бензин, внедорожник 5 дв. 7 500 км%https://cars.av.by/lexus/rx/103111699%219 751 р.
BMW 3 серия G20%2019 г. автомат, 2.0 л, дизель, седан 15 000 км%https://cars.av.by/bmw/3-seriya/103148181%103 409 р.
BMW X5 G05%2019 г. автомат, 3.0 л, дизель, внедорожник 5 дв. 117 000 км%https://cars.av.by/bmw/x5/103945040%226 032 р.
BMW 5 серия G30, G31%2019 г. автомат, 2.0 л, бензин (гибрид), седан 128 000 км%https://cars.av.by/bmw/5-seriya/103945029%103 127 р.
BMW 5 серия G30, G31%2019 г. автомат, 2.0 л, бензин, седан 71 000 км%https://cars.av.by/bmw/5-seriya/103201448%126 860 р.
BMW X5 G05%2021 г. автомат, 3.0 л, дизель, внедорожник 5 дв. 44 000 км%https://cars.av.by/bmw/x5/102560874%296 667 р.
BMW X7 I, 7 мест%2020 г. автомат, 3.0 л, дизель, внедорожник 5 дв. 87 000 км%https://cars.av.by/bmw/x7/102608050%259 654 р.
BMW X3 G01%2020 г. автомат, 2.0 л, дизель, внедорожник 5 дв. 61 000 км%https://cars.av.by/bmw/x3/103945586%126 803 р.
BMW 7 серия G11 · Рестайлинг%2020 г. автомат, 3.0 л, дизель, седан 75 790 км%https://cars.av.by/bmw/7-seriya/103757952%271 235 р.
BMW 3 серия G20%2019 г. автомат, 2.0 л, бензин, седан 62 000 км%https://cars.av.by/bmw/3-seriya/102577184%97 476 р.
Lexus RX IV · Рестайлинг%2021 г. автомат, 2.0 л, бензин, внедорожник 5 дв. 7 500 км%https://cars.av.by/lexus/rx/103111699%219 751 р.
BMW 3 серия G20%2019 г. автомат, 2.0 л, дизель, седан 15 000 км%https://cars.av.by/bmw/3-seriya/103148181%103 409 р.
BMW X5 G05%2019 г. автомат, 3.0 л, дизель, внедорожник 5 дв. 117 000 км%https://cars.av.by/bmw/x5/103945040%226 032 р.
BMW 5 серия G30, G31%2019 г. автомат, 2.0 л, бензин (гибрид), седан 128 000 км%https://cars.av.by/bmw/5-seriya/103945029%103 127 р.
BMW 5 серия G30, G31%2019 г. автомат, 2.0 л, бензин, седан 71 000 км%https://cars.av.by/bmw/5-seriya/103201448%126 860 р.
BMW X5 G05%2021 г. автомат, 3.0 л, дизель, внедорожник 5 дв. 44 000 км%https://cars.av.by/bmw/x5/102560874%296 667 р.
BMW X7 I, 7 мест%2020 г. автомат, 3.0 л, дизель, внедорожник 5 дв. 87 000 км%https://cars.av.by/bmw/x7/102608050%259 654 р.
BMW X3 G01%2020 г. автомат, 2.0 л, дизель, внедорожник 5 дв. 61 000 км%https://cars.av.by/bmw/x3/103945586%126 803 р.
BMW 7 серия G11 · Рестайлинг%2020 г. автомат, 3.0 л, дизель, седан 75 790 км%https://cars.av.by/bmw/7-seriya/103757952%271 235 р.
BMW 3 серия G20%2019 г. автомат, 2.0 л, бензин, седан 62 000 км%https://cars.av.by/bmw/3-seriya/102577184%97 476 р.
Lexus RX IV · Рестайлинг%2021 г. автомат, 2.0 л, бензин, внедорожник 5 дв. 7 500 км%https://cars.av.by/lexus/rx/103111699%219 751 р.
BMW 3 серия G20%2019 г. автомат, 2.0 л, дизель, седан 15 000 км%https://cars.av.by/bmw/3-seriya/103148181%103 409 р.
BMW X5 G05%2019 г. автомат, 3.0 л, дизель, внедорожник 5 дв. 117 000 км%https://cars.av.by/bmw/x5/103945040%226 032 р.
BMW 5 серия G30, G31%2019 г. автомат, 2.0 л, бензин (гибрид), седан 128 000 км%https://cars.av.by/bmw/5-seriya/103945029%103 127 р.
BMW 5 серия G30, G31%2019 г. автомат, 2.0 л, бензин, седан 71 000 км%https://cars.av.by/bmw/5-seriya/103201448%126 860 р.
BMW X5 G05%2021 г. автомат, 3.0 л, дизель, внедорожник 5 дв. 44 000 км%https://cars.av.by/bmw/x5/102560874%296 667 р.
BMW X7 I, 7 мест%2020 г. автомат, 3.0 л, дизель, внедорожник 5 дв. 87 000 км%https://cars.av.by/bmw/x7/102608050%259 654 р.
BMW X3 G01%2020 г. автомат, 2.0 л, дизель, внедорожник 5 дв. 61 000 км%https://cars.av.by/bmw/x3/103945586%126 803 р.
BMW 7 серия G11 · Рестайлинг%2020 г. автомат, 3.0 л, дизель, седан 75 790 км%https://cars.av.by/bmw/7-seriya/103757952%271 235 р.
BMW 3 серия G20%2019 г. автомат, 2.0 л, бензин, седан 62 000 км%https://cars.av.by/bmw/3-seriya/102577184%97 476 р.
Lexus RX IV · Рестайлинг%2021 г. автомат, 2.0 л, бензин, внедорожник 5 дв. 7 500 км%https://cars.av.by/lexus/rx/103111699%219 751 р.
BMW 3 серия G20%2019 г. автомат, 2.0 л, дизель, седан 15 000 км%https://cars.av.by/bmw/3-seriya/103148181%103 409 р.
BMW X5 G05%2019 г. автомат, 3.0 л, дизель, внедорожник 5 дв. 117 000 км%https://cars.av.by/bmw/x5/103945040%226 032 р.
BMW 3 серия G20%2019 г. автомат, 2.0 л, дизель, седан 79 000 км%https://cars.av.by/bmw/3-seriya/103314176%118 887 р.
BMW X5 G05%2019 г. автомат, 2.0 л, дизель, внедорожник 5 дв. 57 500 км%https://cars.av.by/bmw/x5/102639683%196 915 р.
BMW 7 серия G11 · Рестайлинг%2021 г. автомат, 3.0 л, дизель, седан 31 000 км%https://cars.av.by/bmw/7-seriya/103617592%269 553 р.
BMW X5 G05%2019 г. автомат, 3.0 л, бензин, внедорожник 5 дв. 46 000 км%https://cars.av.by/bmw/x5/103234449%242 597 р.
BMW 5 серия G30, G31%2019 г. автомат, 3.0 л, дизель, седан 154 000 км%https://cars.av.by/bmw/5-seriya/103120070%126 420 р.
BMW X5 G05%2019 г. автомат, 3.0 л, дизель, внедорожник 5 дв. 108 000 км%https://cars.av.by/bmw/x5/103939953%175 635 р.
BMW X4 G02%2019 г. автомат, 3.0 л, дизель, внедорожник 5 дв. 59 000 км%https://cars.av.by/bmw/x4/103251108%181 309 р.
BMW 5 серия G30, G31%2019 г. автомат, 2.0 л, дизель, универсал 67 085 км%https://cars.av.by/bmw/5-seriya/103875631%121 156 р.
BMW 4 серия G22, G23%2021 г. автомат, 2.0 л, бензин, кабриолет 15 000 км%https://cars.av.by/bmw/4-seriya/103825998%224 154 р.
Volvo XC60 II%2019 г. автомат, 2.0 л, дизель, внедорожник 5 дв. 212 000 км%https://cars.av.by/volvo/xc60/103362057%92 215 р.
BMW 3 серия G20%2019 г. автомат, 2.0 л, бензин, седан 38 000 км%https://cars.av.by/bmw/3-seriya/103858614%118 887 р.
BMW X1 F48 · Рестайлинг%2019 г. автомат, 2.0 л, дизель, внедорожник 5 дв. 78 000 км%https://cars.av.by/bmw/x1/103914223%98 457 р.
Subaru Impreza I · Рестайлинг%1998 г. механика, 1.6 л, бензин, универсал 168 000 км%https://cars.av.by/subaru/impreza/103891957%3 404 р.
Nissan Qashqai I · Рестайлинг%2011 г. механика, 1.6 л, бензин, внедорожник 5 дв. 195 000 км%https://cars.av.by/nissan/qashqai/103634892%30 076 р.
Mercedes-Benz M-Класс W164%2008 г. автомат, 3.0 л, дизель, внедорожник 5 дв. 200 000 км%https://cars.av.by/mercedes-benz/m-klass/103440273%45 395 р.
MINI Cooper R50%2003 г. механика, 1.6 л, бензин, хэтчбек 3 дв. 242 000 км%https://cars.av.by/mini/cooper/103901696%19 578 р.
Mazda 3 BK · Рестайлинг%2006 г. механика, 1.6 л, бензин, седан 151 170 км%https://cars.av.by/mazda/3/103939060%16 882 р.
Volvo V50 I · Рестайлинг%2008 г. механика, 1.8 л, бензин, универсал 229 000 км%https://cars.av.by/volvo/v50/103900385%24 117 р.
Volkswagen Passat B3%1992 г. механика, 1.8 л, бензин, седан 300 000 км%https://cars.av.by/volkswagen/passat/103965034%2 837 р.
BMW 3 серия E36%1999 г. механика, 1.7 л, дизель, универсал 400 000 км%https://cars.av.by/bmw/3-seriya/101418518%9 363 р.
Fiat Marea%1997 г. механика, 1.8 л, бензин, универсал 221 000 км%https://cars.av.by/fiat/marea/103196187%4 253 р.
Opel Zafira A, 7 мест%2002 г. механика, 1.8 л, бензин, минивэн 244 000 км%https://cars.av.by/opel/zafira/103797441%14 045 р.
Audi A4 B8%2009 г. вариатор, 2.0 л, бензин, седан 220 000 км%https://cars.av.by/audi/a4/103914782%30 502 р.
Volvo S60 I%2002 г. механика, 2.4 л, дизель, седан 522 000 км%https://cars.av.by/volvo/s60/103965032%18 159 р.
Volkswagen Passat B6%2006 г. автомат, 2.0 л, дизель, универсал 299 300 км%https://cars.av.by/volkswagen/passat/103609396%19 858 р.
Peugeot 308 T7%2008 г. автомат, 1.6 л, бензин, универсал 254 000 км%https://cars.av.by/peugeot/308/101081969%13 900 р.
Mitsubishi Carisma I%1996 г. механика, 1.6 л, бензин, хэтчбек 5 дв. 294 655 км%https://cars.av.by/mitsubishi/carisma/102260995%6 523 р.
BMW 5 серия F10, F11%2010 г. автомат, 3.0 л, дизель, седан 191 000 км%https://cars.av.by/bmw/5-seriya/103197010%58 163 р.
Hyundai Coupe RD · Рестайлинг%2000 г. механика, 1.6 л, бензин, купе 379 000 км%https://cars.av.by/hyundai/coupe/103965199%8 937 р.
Peugeot 408 I%2013 г. механика, 1.6 л, бензин, седан 179 522 км%https://cars.av.by/peugeot/408/101350616%17 024 р.
Volkswagen Multivan T5%2004 г. механика, 2.5 л, дизель, микроавтобус пассажирский 295 000 км%https://cars.av.by/volkswagen/multivan/103965192%45 114 р.
Mercedes-Benz E-Класс W211, S211%2003 г. автомат, 2.1 л, дизель, универсал 405 000 км%https://cars.av.by/mercedes-benz/e-klass/103965174%24 117 р.
Opel Astra H · Рестайлинг%2009 г. механика, 1.6 л, бензин, хэтчбек 5 дв. 237 000 км%https://cars.av.by/opel/astra/103876561%18 698 р.
Mazda 323F%1995 г. механика, 1.3 л, бензин, хэтчбек 3 дв. 350 000 км%https://cars.av.by/mazda/323f/103965191%1078 р.
Volkswagen Golf IV%2002 г. механика, 1.9 л, дизель, хэтчбек 3 дв. 280 000 км%https://cars.av.by/volkswagen/golf/103953920%11 346 р.
Land Rover Discovery I%1992 г. механика, 2.5 л, дизель, внедорожник 3 дв. 400 000 км%https://cars.av.by/land-rover/discovery/103965189%8 512 р.
Mazda 3 BK · Рестайлинг%2006 г. автомат, 2.3 л, бензин, хэтчбек 5 дв. 137 346 км%https://cars.av.by/mazda/3/103472876%16 996 р.
Hyundai Ioniq%2016 г. автомат, 1.6 л, бензин (гибрид), лифтбек 95 326 км%https://cars.av.by/hyundai/ioniq/103472753%53 882 р.
Lexus GS III · Рестайлинг%2008 г. вариатор, 3.5 л, бензин (гибрид), седан 224 163 км%https://cars.av.by/lexus/gs/103076203%28 345 р.
Renault Grand Scenic III, 7 мест%2011 г. механика, 1.6 л, бензин, минивэн 268 000 км%https://cars.av.by/renault/grand-scenic/103965203%28 371 р.
Renault Scenic III · 2-й рестайлинг%2016 г. механика, 1.6 л, дизель, минивэн 182 000 км%https://cars.av.by/renault/scenic/103768160%36 886 р.
Mazda 6 I%2003 г. механика, 2.0 л, дизель, универсал 340 000 км%https://cars.av.by/mazda/6/103965171%7 093 р.
Volvo V60 I · Рестайлинг%2013 г. механика, 1.6 л, дизель, универсал 229 578 км%https://cars.av.by/volvo/v60/103837379%39 581 р.
Ford Ka I%1997 г. механика, 1.3 л, бензин, хэтчбек 3 дв. 34 666 км%https://cars.av.by/ford/ka/103965127%5 391 р.
Volkswagen Caddy III%2010 г. механика, 1.4 л, бензин (пропан-бутан), минивэн 237 км%https://cars.av.by/volkswagen/caddy/103965194%24 969 р.
Ford Escort V · 2-й рестайлинг%1996 г. механика, 1.6 л, бензин, хэтчбек 5 дв. 300 000 км%https://cars.av.by/ford/escort/103965211%709 р.
Kia Cee'd I · Рестайлинг%2011 г. механика, 1.6 л, дизель, хэтчбек 5 дв. 257 000 км%https://cars.av.by/kia/ceed/103786136%20 429 р.
Renault Sandero Stepway I%2014 г. автомат, 1.6 л, бензин, хэтчбек 5 дв. 93 300 км%https://cars.av.by/renault/sandero-stepway/103848920%26 245 р.
Chrysler Voyager III, 7 мест%2000 г. автомат, 2.4 л, бензин, минивэн 260 000 км%https://cars.av.by/chrysler/voyager/103422855%9 928 р.
Audi 100 4A, C4%1992 г. механика, 2.0 л, бензин (пропан-бутан), седан 298 000 км%https://cars.av.by/audi/100/103965216%7 660 р.
Hyundai Santa Fe SM%2002 г. механика, 2.0 л, бензин, внедорожник 5 дв. 281 713 км%https://cars.av.by/hyundai/santa-fe/103965198%13 477 р.
BMW X5 E53%2002 г. автомат, 3.0 л, дизель, внедорожник 5 дв. 260 000 км%https://cars.av.by/bmw/x5/103289125%30 360 р.
Toyota Urban Cruiser%2008 г. автомат, 1.8 л, бензин, хэтчбек 5 дв. 125 000 км%https://cars.av.by/toyota/urban-cruiser/102045610%26 387 р.
Mercedes-Benz C-Класс W204, S204%2007 г. автомат, 2.1 л, дизель, седан 275 000 км%https://cars.av.by/mercedes-benz/c-klass/103965205%32 346 р.
Audi A6 C5%2001 г. механика, 2.5 л, дизель, универсал 456 000 км%https://cars.av.by/audi/a6/103965220%8 512 р.
Toyota Highlander II (XU40) · Рестайлинг, 7 мест%2012 г. автомат, 3.5 л, бензин, внедорожник 5 дв. 204 000 км%https://cars.av.by/toyota/highlander/103837622%72 353 р.
Ford Mondeo IV%2007 г. механика, 1.8 л, дизель, универсал 390 000 км%https://cars.av.by/ford/mondeo/103816563%19 838 р.
Kia Sorento I · Рестайлинг%2007 г. механика, 2.5 л, дизель, внедорожник 5 дв. 230 000 км%https://cars.av.by/kia/sorento/103969920%26 786 р.
Mitsubishi Lancer X%2008 г. автомат, 1.5 л, бензин, седан 227 000 км%https://cars.av.by/mitsubishi/lancer/103062175%18 707 р.
Hyundai Creta I%2016 г. автомат, 2.0 л, бензин, внедорожник 5 дв. 64 000 км%https://cars.av.by/hyundai/creta/103969931%56 000 р.
Mercedes-Benz GLE W166%2015 г. автомат, 3.0 л, бензин, внедорожник 5 дв. 131 000 км%https://cars.av.by/mercedes-benz/gle/102673223%127 552 р.
Volkswagen Caravelle T5 · Рестайлинг%2009 г. механика, 2.0 л, дизель, микроавтобус пассажирский 164 000 км%https://cars.av.by/volkswagen/caravelle/101996875%52 435 р.
Volkswagen Sharan I · 2-й рестайлинг, 7 мест%2006 г. автомат, 1.9 л, дизель, минивэн 290 333 км%https://cars.av.by/volkswagen/sharan/103969928%27 636 р.
Volkswagen Golf III%1996 г. механика, 1.6 л, бензин, хэтчбек 3 дв. 228 561 км%https://cars.av.by/volkswagen/golf/103924042%5 073 р.
BMW 2 серия Active Tourer F45%2015 г. механика, 1.5 л, дизель, минивэн 254 035 км%https://cars.av.by/bmw/2-seriya-active-tourer/103969926%46 766 р.
Nissan Qashqai I%2007 г. робот, 2.0 л, бензин, внедорожник 5 дв. 188 000 км%https://cars.av.by/nissan/qashqai/103969847%25 793 р.
Audi 80 B4%1995 г. механика, 2.0 л, бензин, седан 342 000 км%https://cars.av.by/audi/80/103969880%10 771 р.
Citroen C4 Grand Picasso I, 7 мест%2008 г. механика, 1.6 л, дизель, минивэн 284 000 км%https://cars.av.by/citroen/c4-grand-picasso/103969909%24 093 р.
BMW X1 F48 · Рестайлинг%2019 г. автомат, 2.0 л, дизель, внедорожник 5 дв. 145 000 км%https://cars.av.by/bmw/x1/103876423%76 389 р.
BMW X7 I, 7 мест%2019 г. автомат, 3.0 л, дизель, внедорожник 5 дв. 122 000 км%https://cars.av.by/bmw/x7/101860256%255 105 р.
Volvo XC60 II%2019 г. автомат, 2.0 л, дизель, внедорожник 5 дв. 88 800 км%https://cars.av.by/volvo/xc60/103892765%130 103 р.
BMW X6 G06%2020 г. автомат, 3.0 л, дизель, внедорожник 5 дв. 75 900 км%https://cars.av.by/bmw/x6/103348103%270 850 р.
Lexus RX IV%2019 г. автомат, 2.0 л, бензин, внедорожник 5 дв. 79 000 км%https://cars.av.by/lexus/rx/103852110%140 307 р.
BMW 5 серия G30, G31%2019 г. автомат, 3.0 л, дизель, универсал 180 000 км%https://cars.av.by/bmw/5-seriya/103175228%116 214 р.
BMW 2 серия Active Tourer F45 · Рестайлинг%2019 г. автомат, 1.5 л, дизель, минивэн 174 000 км%https://cars.av.by/bmw/2-seriya-active-tourer/103964730%50 992 р.
BMW X1 E84%2010 г. автомат, 2.0 л, дизель, внедорожник 5 дв. 272 000 км%https://cars.av.by/bmw/x1/103891580%36 848 р.
Chery A13%2013 г. механика, 1.5 л, бензин, седан 153 422 км%https://cars.av.by/chery/a13/103868796%14 169 р.
Infiniti FX I%2003 г. автомат, 4.5 л, бензин, внедорожник 5 дв. 381 325 км%https://cars.av.by/infiniti/fx/103744748%26 924 р.
BMW 7 серия E38 · Рестайлинг%2001 г. автомат, 3.0 л, дизель, седан 361 989 км%https://cars.av.by/bmw/7-seriya/103501365%20 405 р.
Audi A6 C7%2012 г. робот, 2.8 л, бензин, седан 358 559 км%https://cars.av.by/audi/a6/103500924%42 514 р.
Audi A6 C5 · Рестайлинг%2002 г. механика, 1.9 л, дизель, седан 330 222 км%https://cars.av.by/audi/a6/103969953%23 101 р.
Citroen C5 I · Рестайлинг%2006 г. механика, 1.6 л, дизель, лифтбек 382 000 км%https://cars.av.by/citroen/c5/103969839%17 857 р.
Renault Megane II · Рестайлинг%2008 г. механика, 1.5 л, дизель, универсал 270 000 км%https://cars.av.by/renault/megane/103069686%21 981 р.
Opel Astra G%1998 г. механика, 2.0 л, дизель, универсал 440 000 км%https://cars.av.by/opel/astra/103837774%9 892 р.
Renault Megane II%2004 г. автомат, 2.0 л, бензин, универсал 262 000 км%https://cars.av.by/renault/megane/103720610%14 144 р.
Renault Laguna I%1998 г. механика, 1.8 л, бензин, лифтбек 298 000 км%https://cars.av.by/renault/laguna/103900969%4 223 р.
BMW 5 серия E39 · Рестайлинг%2002 г. механика, 2.0 л, дизель, универсал 180 000 км%https://cars.av.by/bmw/5-seriya/103868539%19 813 р.
Audi A6 C6%2004 г. механика, 2.4 л, бензин, седан 190 000 км%https://cars.av.by/audi/a6/103720403%26 927 р.
Honda Civic VIII · Рестайлинг%2009 г. вариатор, 1.3 л, бензин (гибрид), седан 221 000 км%https://cars.av.by/honda/civic/103900327%19 813 р.
Peugeot 5008 I, 7 мест%2010 г. механика, 1.6 л, дизель, минивэн 196 000 км%https://cars.av.by/peugeot/5008/103767034%31 151 р.
Peugeot 306 I · Рестайлинг%1998 г. механика, 1.9 л, дизель, универсал 380 500 км%https://cars.av.by/peugeot/306/103668241%9 892 р.
Renault Grand Scenic III%2010 г. механика, 1.4 л, бензин, минивэн 255 000 км%https://cars.av.by/renault/grand-scenic/103892368%25 482 р.
SEAT Ibiza IV%2011 г. механика, 1.2 л, бензин, универсал 210 000 км%https://cars.av.by/seat/ibiza/103711540%19 813 р.
Volkswagen Tiguan I%2009 г. механика, 2.0 л, дизель, внедорожник 5 дв. 261 000 км%https://cars.av.by/volkswagen/tiguan/103913990%36 820 р.
Volkswagen Bora%2005 г. автомат, 1.6 л, бензин, седан 253 070 км%https://cars.av.by/volkswagen/bora/103892383%15 561 р.
Renault Espace III%2000 г. механика, 2.2 л, дизель, минивэн 331 000 км%https://cars.av.by/renault/espace/103857710%13 577 р.
Peugeot 107 I · Рестайлинг%2010 г. механика, 1.0 л, бензин, хэтчбек 3 дв. 98 000 км%https://cars.av.by/peugeot/107/103690405%15 561 р.
Kia Sportage II · Рестайлинг%2008 г. механика, 2.0 л, бензин, внедорожник 5 дв. 197 000 км%https://cars.av.by/kia/sportage/103743701%26 899 р.
Volkswagen Passat B7%2011 г. механика, 1.8 л, бензин, седан 165 000 км%https://cars.av.by/volkswagen/passat/103738697%29 733 р.
Nissan Leaf I%2012 г. автомат, электро, хэтчбек 5 дв., запас хода 120 км 125 000 км%https://cars.av.by/nissan/leaf/103969929%31 176 р.
Renault Grand Scenic III, 7 мест%2010 г. механика, 1.6 л, бензин (пропан-бутан), минивэн 193 000 км%https://cars.av.by/renault/grand-scenic/103702021%26 924 р.
Mazda 626 GF%1998 г. механика, 1.8 л, бензин, хэтчбек 5 дв. 200 000 км%https://cars.av.by/mazda/626/104008974%4 270 р.
BMW 5 серия F07 (GT)%2010 г. автомат, 3.0 л, дизель, лифтбек 265 000 км%https://cars.av.by/bmw/5-seriya/102025944%69 746 р.
Honda CR-V III%2007 г. автомат, 2.0 л, бензин, внедорожник 5 дв. 150 000 км%https://cars.av.by/honda/cr-v/104008958%39 798 р.
Rover 200 R3%1998 г. механика, 1.4 л, бензин, хэтчбек 5 дв. 400 000 км%https://cars.av.by/rover/200/104008973%2 277 р.
Volvo S60 I%2003 г. автомат, 2.4 л, бензин, седан 305 775 км%https://cars.av.by/volvo/s60/104008963%14 091 р.
Lada (ВАЗ) 2107%2012 г. механика, 1.6 л, бензин, седан 82 000 км%https://cars.av.by/lada-vaz/2107/104008967%8 540 р.
BMW X5 E70, 7 мест%2008 г. автомат, 3.0 л, бензин, внедорожник 5 дв. 309 000 км%https://cars.av.by/bmw/x5/102213813%41 275 р.
Subaru Outback V%2016 г. вариатор, 2.5 л, бензин, универсал 103 598 км%https://cars.av.by/subaru/outback/102004890%69 746 р.
Mazda 6 I · Рестайлинг%2005 г. механика, 2.0 л, бензин, седан 260 000 км%https://cars.av.by/mazda/6/104008962%15 657 р.
Mitsubishi Galant VII%1994 г. механика, 1.8 л, бензин, седан 38 500 км%https://cars.av.by/mitsubishi/galant/103657022%3 558 р.
Renault 19 II%1996 г. механика, 1.8 л, бензин, седан 250 000 км%https://cars.av.by/renault/19/103373794%5 124 р.
Opel Omega B%1997 г. автомат, 2.0 л, бензин (пропан-бутан), универсал 415 688 км%https://cars.av.by/opel/omega/104008954%7 401 р.
Audi A4 B8 · Рестайлинг%2015 г. вариатор, 2.0 л, бензин, седан 93 500 км%https://cars.av.by/audi/a4/104008934%55 797 р.
Hyundai Coupe RD%1998 г. механика, 2.0 л, бензин, купе 150 000 км%https://cars.av.by/hyundai/coupe/104008955%1708 р.
BMW 5 серия G30, G31%2020 г. автомат, 2.0 л, бензин, седан 185 000 км%https://cars.av.by/bmw/5-seriya/104008594%103 338 р.
BMW X5 G05%2019 г. автомат, 3.0 л, дизель, внедорожник 5 дв. 69 900 км%https://cars.av.by/bmw/x5/104008531%298 914 р.
BMW 6 серия G32%2019 г. автомат, 3.0 л, дизель, лифтбек 63 400 км%https://cars.av.by/bmw/6-seriya/103720414%154 865 р.
Volvo XC90 II · Рестайлинг, 7 мест%2019 г. автомат, 2.0 л, дизель, внедорожник 5 дв. 114 000 км%https://cars.av.by/volvo/xc90/103995871%153 442 р.
BMW X5 G05%2019 г. автомат, 3.0 л, дизель, внедорожник 5 дв. 87 000 км%https://cars.av.by/bmw/x5/104007054%236 142 р.
BMW X4 G02%2019 г. автомат, 3.0 л, дизель, внедорожник 5 дв. 139 000 км%https://cars.av.by/bmw/x4/103191430%145 129 р.
BMW X4 G02%2019 г. автомат, 3.0 л, дизель, внедорожник 5 дв. 64 000 км%https://cars.av.by/bmw/x4/104007818%185 042 р.
Citroen C5 I%2001 г. механика, 2.0 л, бензин (пропан-бутан), универсал 356 000 км%https://cars.av.by/citroen/c5/103649888%14 171 р.
Renault Laguna III%2008 г. механика, 1.5 л, дизель, универсал 275 000 км%https://cars.av.by/renault/laguna/103077099%23 526 р.
Peugeot 3008 I%2013 г. автомат, 1.6 л, бензин, внедорожник 5 дв. 273 000 км%https://cars.av.by/peugeot/3008/103243490%32 597 р.
Citroen C4 Grand Picasso II · Рестайлинг, 7 мест%2016 г. автомат, 1.6 л, дизель, минивэн 177 000 км%https://cars.av.by/citroen/c4-grand-picasso/103650386%48 758 р.
Chrysler Town and Country IV, 7 мест%2001 г. автомат, 3.8 л, бензин, минивэн 786 806 км%https://cars.av.by/chrysler/town-and-country/104042295%9 921 р.
Mazda 3 BK%2006 г. автомат, 2.0 л, бензин, седан 267 150 км%https://cars.av.by/mazda/3/104041754%16 016 р.
BMW X3 E83%2006 г. автомат, 2.5 л, бензин, внедорожник 5 дв. 214 000 км%https://cars.av.by/bmw/x3/104042286%29 765 р.
Renault Grand Scenic II, 7 мест%2004 г. механика, 1.9 л, дизель, минивэн 358 000 км%https://cars.av.by/renault/grand-scenic/100397052%12 756 р.
Audi Q7 4L%2008 г. автомат, 4.1 л, дизель, внедорожник 5 дв. 211 000 км%https://cars.av.by/audi/q7/102298271%56 693 р.
Opel Astra J%2011 г. механика, 1.7 л, дизель, универсал 291 000 км%https://cars.av.by/opel/astra/103711690%26 360 р.
Skoda Superb III%2016 г. робот, 1.6 л, дизель, лифтбек 193 960 км%https://cars.av.by/skoda/superb/101244862%72 003 р.
Toyota RAV4 III (XA30) · Рестайлинг%2008 г. автомат, 3.5 л, бензин, внедорожник 5 дв. 160 000 км%https://cars.av.by/toyota/rav4/103690490%41 104 р.
BMW X5 F15%2014 г. автомат, 3.0 л, дизель, внедорожник 5 дв. 200 000 км%https://cars.av.by/bmw/x5/103837831%119 645 р.
BMW 5 серия E39 · Рестайлинг%2001 г. механика, 2.0 л, дизель, седан 360 000 км%https://cars.av.by/bmw/5-seriya/103924205%17 377 р.
BMW X6 E71 · Рестайлинг%2012 г. автомат, 3.0 л, бензин, внедорожник 5 дв. 205 000 км%https://cars.av.by/bmw/x6/103409767%64 095 р.
Lexus GS III · Рестайлинг%2008 г. вариатор, 3.5 л, бензин (гибрид), седан 253 000 км%https://cars.av.by/lexus/gs/103997426%39 596 р.
BMW 2 серия Gran Tourer F46 · Рестайлинг%2018 г. механика, 1.5 л, дизель, минивэн 131 000 км%https://cars.av.by/bmw/2-seriya-gran-tourer/103964678%48 370 р.
Volvo XC90 II, 7 мест%2016 г. автомат, 2.0 л, дизель, внедорожник 5 дв. 220 000 км%https://cars.av.by/volvo/xc90/103693008%99 701 р.
BMW X1 F48%2018 г. механика, 1.5 л, дизель, внедорожник 5 дв. 137 000 км%https://cars.av.by/bmw/x1/103802742%56 546 р.
BMW 5 серия G30, G31%2018 г. автомат, 2.0 л, дизель, универсал 92 000 км%https://cars.av.by/bmw/5-seriya/104050576%90 873 р.
Volvo C70 I%2002 г. механика, 2.4 л, бензин, купе 241 256 км%https://cars.av.by/volvo/c70/103300581%15 240 р.
Volvo V60 I · Рестайлинг%2018 г. автомат, 2.0 л, дизель, универсал 172 000 км%https://cars.av.by/volvo/v60/103694743%54 122 р.
BMW 4 серия F36 (GT) (Рестайлинг)%2018 г. автомат, 2.0 л, бензин, лифтбек 125 529 км%https://cars.av.by/bmw/4-seriya/104051992%76 345 р.
BMW 5 серия E39%1999 г. механика, 2.9 л, дизель, седан 413 000 км%https://cars.av.by/bmw/5-seriya/103965736%15 952 р.
Toyota iQ%2013 г. автомат, 1.3 л, бензин, хэтчбек 3 дв. 110 000 км%https://cars.av.by/toyota/iq/103721953%31 332 р.
Toyota Auris I (E150)%2009 г. механика, 1.4 л, дизель, хэтчбек 5 дв. 184 000 км%https://cars.av.by/toyota/auris/103410799%21 362 р.
BMW X1 E84%2010 г. механика, 2.0 л, бензин, внедорожник 5 дв. 340 000 км%https://cars.av.by/bmw/x1/103365921%33 549 р.
BMW 3 серия E36%1994 г. механика, 1.6 л, бензин, седан 577 777 км%https://cars.av.by/bmw/3-seriya/103778137%8 261 р.
Renault Scenic I%1999 г. механика, 1.9 л, дизель, минивэн 430 000 км%https://cars.av.by/renault/scenic/104052126%7 976 р.
Renault Scenic II%2003 г. механика, 1.9 л, дизель, минивэн 350 000 км%https://cars.av.by/renault/scenic/103798948%15 665 р.
Audi A6 C6 · Рестайлинг%2009 г. вариатор, 2.0 л, дизель, универсал 430 000 км%https://cars.av.by/audi/a6/104013983%33 472 р.
Peugeot 508 I · Рестайлинг%2015 г. автомат, 1.6 л, дизель, универсал 182 000 км%https://cars.av.by/peugeot/508/103946334%38 970 р.
Subaru XV I%2014 г. механика, 2.0 л, бензин, внедорожник 5 дв. 100 000 км%https://cars.av.by/subaru/xv/103241994%39 454 р.
Citroen C4 Grand Picasso II, 7 мест%2013 г. механика, 1.6 л, дизель, минивэн 180 174 км%https://cars.av.by/citroen/c4-grand-picasso/104013858%38 315 р.
Volvo XC70 II · Рестайлинг%2004 г. автомат, 2.5 л, бензин (пропан-бутан), универсал 345 500 км%https://cars.av.by/volvo/xc70/104052114%21 365 р.
Peugeot 306 I · Рестайлинг%1999 г. механика, 2.0 л, бензин, универсал 304 574 км%https://cars.av.by/peugeot/306/103900979%7 121 р.
Volkswagen Golf V%2009 г. механика, 1.4 л, бензин, универсал 262 000 км%https://cars.av.by/volkswagen/golf/103965197%21 080 р.
Peugeot 307 I · Рестайлинг%2005 г. автомат, 1.6 л, бензин, хэтчбек 5 дв. 263 000 км%https://cars.av.by/peugeot/307/104052121%16 949 р.
Volkswagen Passat B6%2008 г. механика, 2.0 л, дизель, универсал 288 000 км%https://cars.av.by/volkswagen/passat/103868894%21 792 р.
Audi A4 B8%2008 г. механика, 2.0 л, дизель, седан 235 840 км%https://cars.av.by/audi/a4/103739563%28 914 р.
Opel Insignia I · Рестайлинг%2015 г. механика, 1.6 л, дизель, универсал 200 000 км%https://cars.av.by/opel/insignia/103969910%41 875 р.
Kia Cee'd I%2008 г. механика, 1.4 л, бензин, универсал 358 000 км%https://cars.av.by/kia/ceed/103965045%13 958 р.
Volvo S80 II · Рестайлинг%2010 г. автомат, 2.5 л, бензин, седан 211 000 км%https://cars.av.by/volvo/s80/103673654%38 144 р.
Volkswagen Passat B6%2008 г. механика, 1.6 л, бензин, седан 220 000 км%https://cars.av.by/volkswagen/passat/103453831%19 086 р.
Peugeot 2008 I%2016 г. механика, 1.6 л, дизель, внедорожник 5 дв. 156 000 км%https://cars.av.by/peugeot/2008/103149081%38 030 р.
Nissan Primera P12%2002 г. механика, 2.2 л, дизель, седан 181 000 км%https://cars.av.by/nissan/primera/104052145%12 961 р.
Opel Astra H · Рестайлинг%2009 г. механика, 1.6 л, бензин, хэтчбек 5 дв. 179 500 км%https://cars.av.by/opel/astra/104052149%19 228 р.
Citroen C4 II%2011 г. автомат, 1.6 л, бензин, хэтчбек 5 дв. 170 000 км%https://cars.av.by/citroen/c4/103530635%22 786 р.
Volkswagen Passat B5%1999 г. автомат, 1.8 л, бензин, универсал 395 000 км%https://cars.av.by/volkswagen/passat/104052261%14 813 р.
BMW X3 G01%2019 г. автомат, 3.0 л, дизель, внедорожник 5 дв. 84 000 км%https://cars.av.by/bmw/x3/104040710%136 595 р.
BMW 5 серия G30, G31%2018 г. автомат, 3.0 л, дизель, универсал 169 851 км%https://cars.av.by/bmw/5-seriya/103945068%94 007 р.
BMW 2 серия F44%2020 г. автомат, 2.0 л, бензин, седан 22 865 км%https://cars.av.by/bmw/2-seriya/102102164%103 977 р.
Volvo XC90 I · Рестайлинг, 7 мест%2009 г. автомат, 2.4 л, дизель, внедорожник 5 дв. 265 000 км%https://cars.av.by/volvo/xc90/103809001%54 695 р.
BMW 3 серия G20%2019 г. автомат, 2.0 л, дизель, седан 136 000 км%https://cars.av.by/bmw/3-seriya/103355752%96 570 р.
BMW iX%2022 г. автомат, электро, внедорожник 5 дв., запас хода 630 км 50 км%https://cars.av.by/bmw/ix/104070365%395 969 р.
BMW 5 серия G30, G31%2018 г. автомат, 3.0 л, дизель, универсал 207 239 км%https://cars.av.by/bmw/5-seriya/103729876%122 494 р.
BMW X1 F48 · Рестайлинг%2020 г. автомат, 2.0 л, дизель, внедорожник 5 дв. 58 000 км%https://cars.av.by/bmw/x1/104008066%99 277 р.
BMW 5 серия G30, G31%2019 г. автомат, 2.0 л, бензин, седан 66 000 км%https://cars.av.by/bmw/5-seriya/103939855%129 615 р.
BMW 2 серия Active Tourer F45 · Рестайлинг%2019 г. автомат, 1.5 л, бензин (гибрид), минивэн 45 000 км%https://cars.av.by/bmw/2-seriya-active-tourer/103634992%76 912 р.
BMW 3 серия F30,F31 · Рестайлинг%2018 г. автомат, 2.0 л, дизель, седан 109 000 км%https://cars.av.by/bmw/3-seriya/103212675%73 211 р.
BMW 7 серия G12 (Long)%2017 г. автомат, 3.0 л, дизель, седан 119 000 км%https://cars.av.by/bmw/7-seriya/101381191%170 779 р.
Volvo V90 II%2018 г. автомат, 2.0 л, дизель, универсал 136 000 км%https://cars.av.by/volvo/v90/103924599%78 054 р.
BMW 1 серия F40%2020 г. робот, 1.5 л, дизель, хэтчбек 5 дв. 109 440 км%https://cars.av.by/bmw/1-seriya/103970066%78 054 р.
BMW X5 F15%2018 г. автомат, 3.0 л, бензин, внедорожник 5 дв. 82 000 км%https://cars.av.by/bmw/x5/103434273%122 209 р.
BMW X6 F16%2017 г. автомат, 3.0 л, дизель, внедорожник 5 дв. 155 000 км%https://cars.av.by/bmw/x6/103599276%142 565 р.
BMW X3 G01%2019 г. автомат, 2.0 л, бензин, внедорожник 5 дв. 25 000 км%https://cars.av.by/bmw/x3/103876732%93 807 р.
Volvo XC60 II%2019 г. механика, 2.0 л, дизель, внедорожник 5 дв. 158 578 км%https://cars.av.by/volvo/xc60/104076201%96 368 р.
BMW 3 серия F30,F31 · Рестайлинг%2018 г. автомат, 1.5 л, бензин, седан 86 000 км%https://cars.av.by/bmw/3-seriya/104030062%60 590 р.
BMW 5 серия G30, G31%2017 г. автомат, 2.0 л, дизель, седан 155 000 км%https://cars.av.by/bmw/5-seriya/103180789%102 219 р.
BMW 5 серия G30, G31%2018 г. автомат, 3.0 л, бензин, седан 35 900 км%https://cars.av.by/bmw/5-seriya/102689727%126 597 р.
BMW 6 серия G32%2019 г. автомат, 3.0 л, дизель, лифтбек 64 000 км%https://cars.av.by/bmw/6-seriya/104062496%155 395 р.
BMW X4 G02%2019 г. автомат, 2.0 л, дизель, внедорожник 5 дв. 109 000 км%https://cars.av.by/bmw/x4/104052620%144 703 р.
BMW X3 G01%2018 г. автомат, 2.0 л, дизель, внедорожник 5 дв. 169 700 км%https://cars.av.by/bmw/x3/104076651%110 915 р.
BMW 5 серия G30, G31%2019 г. автомат, 2.0 л, дизель, седан 75 000 км%https://cars.av.by/bmw/5-seriya/104076425%124 601 р.
BMW X5 G05%2019 г. автомат, 3.0 л, дизель, внедорожник 5 дв. 92 000 км%https://cars.av.by/bmw/x5/103683992%250 629 р.
BMW X3 G01%2018 г. автомат, 2.0 л, дизель, внедорожник 5 дв. 119 000 км%https://cars.av.by/bmw/x3/103996754%121 893 р.
BMW 5 серия G30, G31 · Рестайлинг%2020 г. автомат, 3.0 л, дизель, седан 90 000 км%https://cars.av.by/bmw/5-seriya/103684370%256 331 р.
Volvo XC60 II%2018 г. автомат, 2.0 л, дизель, внедорожник 5 дв. 138 400 км%https://cars.av.by/volvo/xc60/102576244%88 960 р.
BMW 5 серия G30, G31%2019 г. автомат, 3.0 л, дизель, седан 138 000 км%https://cars.av.by/bmw/5-seriya/101701175%156 818 р.
BMW X7 I, 7 мест%2019 г. автомат, 3.0 л, дизель, внедорожник 5 дв. 105 500 км%https://cars.av.by/bmw/x7/103924340%262 034 р.
BMW X3 G01%2019 г. автомат, 2.0 л, дизель, внедорожник 5 дв. 93 245 км%https://cars.av.by/bmw/x3/103837639%102 643 р.
BMW 5 серия G30, G31%2018 г. автомат, 2.0 л, бензин, седан 41 000 км%https://cars.av.by/bmw/5-seriya/103181761%110 915 р.
BMW 7 серия G11 · Рестайлинг%2019 г. автомат, 3.0 л, дизель, седан 44 000 км%https://cars.av.by/bmw/7-seriya/104075774%235 232 р.
BMW X3 G01%2019 г. автомат, 2.0 л, бензин, внедорожник 5 дв. 93 000 км%https://cars.av.by/bmw/x3/103765900%104 642 р.
BMW X3 G01%2018 г. автомат, 3.0 л, дизель, внедорожник 5 дв. 120 000 км%https://cars.av.by/bmw/x3/101954553%132 585 р.
Ford Mustang VI · Рестайлинг%Лизинг от 414 USD в месяц%https://cars.av.by/ford/mustang/103384879%98 369 р.
Ford Mustang VI · Рестайлинг%2017 г. автомат, 2.3 л, бензин, купе 130 000 км%https://cars.av.by/ford/mustang/101976928%75 559 р.
BMW 3 серия G20%2019 г. автомат, 2.0 л, дизель, седан 111 000 км%https://cars.av.by/bmw/3-seriya/104149645%114 016 р.
BMW X3 G01%2018 г. автомат, 2.0 л, дизель, внедорожник 5 дв. 92 000 км%https://cars.av.by/bmw/x3/104143404%129 123 р.
Volvo XC90 II · Рестайлинг%2019 г. автомат, 2.0 л, дизель, внедорожник 5 дв. 85 000 км%https://cars.av.by/volvo/xc90/104062488%144 657 р.
BMW X3 G01%2018 г. автомат, 2.0 л, дизель, внедорожник 5 дв. 148 000 км%https://cars.av.by/bmw/x3/100815201%99 478 р.
BMW 3 серия G20%2019 г. автомат, 2.0 л, дизель, седан 160 000 км%https://cars.av.by/bmw/3-seriya/104149416%88 932 р.
BMW 1 серия F40%2019 г. механика, 2.0 л, дизель, хэтчбек 5 дв. 175 000 км%https://cars.av.by/bmw/1-seriya/104149263%78 386 р.
BMW 3 серия G20%2020 г. автомат, 3.0 л, бензин, седан 21 000 км%https://cars.av.by/bmw/3-seriya/104119570%178 150 р.
BMW 3 серия F30,F31 · Рестайлинг%2016 г. автомат, 2.0 л, дизель, универсал 270 000 км%https://cars.av.by/bmw/3-seriya/102611309%57 008 р.
BMW 4 серия F36 (GT) (Рестайлинг)%2020 г. автомат, 2.0 л, бензин, лифтбек 58 560 км%https://cars.av.by/bmw/4-seriya/100769542%82 661 р.
BMW X5 F15, 7 мест%2018 г. автомат, 2.0 л, дизель, внедорожник 5 дв. 77 777 км%https://cars.av.by/bmw/x5/103668243%96 486 р.
BMW 5 серия G30, G31%2019 г. автомат, 2.0 л, бензин (гибрид), седан 37 000 км%https://cars.av.by/bmw/5-seriya/104128742%122 282 р.
Volvo XC60 II%2019 г. автомат, 2.0 л, дизель, внедорожник 5 дв. 176 000 км%https://cars.av.by/volvo/xc60/103985592%109 740 р.
Volvo XC90 II · Рестайлинг%2019 г. автомат, 2.0 л, дизель (гибрид), внедорожник 5 дв. 160 000 км%https://cars.av.by/volvo/xc90/104098793%142 377 р.
BMW X5 G05%2018 г. автомат, 3.0 л, дизель, внедорожник 5 дв. 140 000 км%https://cars.av.by/bmw/x5/104098768%185 133 р.
BMW X5 G05%2019 г. автомат, 3.0 л, дизель, внедорожник 5 дв. 78 000 км%https://cars.av.by/bmw/x5/104098728%233 590 р.
BMW X5 G05%2019 г. автомат, 3.0 л, дизель, внедорожник 5 дв. 87 000 км%https://cars.av.by/bmw/x5/104096078%236 440 р.
BMW 5 серия G30, G31%2019 г. автомат, 2.0 л, дизель, седан 106 000 км%https://cars.av.by/bmw/5-seriya/103629077%116 866 р.
BMW X5 G05%2019 г. автомат, 3.0 л, бензин, внедорожник 5 дв. 56 700 км%https://cars.av.by/bmw/x5/104148640%195 252 р.
BMW 5 серия G30, G31%2019 г. автомат, 2.0 л, дизель, седан 178 000 км%https://cars.av.by/bmw/5-seriya/103238460%110 310 р.
BMW X4 G02%2018 г. автомат, 3.0 л, дизель, внедорожник 5 дв. 58 000 км%https://cars.av.by/bmw/x4/103250688%182 140 р.
Volvo XC90 II, 7 мест%2018 г. автомат, 2.0 л, дизель, внедорожник 5 дв. 120 000 км%https://cars.av.by/volvo/xc90/101906776%185 276 р.
BMW 5 серия G30, G31%2018 г. автомат, 2.0 л, бензин, седан 131 000 км%https://cars.av.by/bmw/5-seriya/104096454%99 764 р.
BMW 4 серия F36 (GT) (Рестайлинг)%2018 г. автомат, 2.0 л, дизель, лифтбек 98 000 км%https://cars.av.by/bmw/4-seriya/103074448%84 941 р.
BMW X4 G02%2018 г. автомат, 3.0 л, дизель, внедорожник 5 дв. 58 000 км%https://cars.av.by/bmw/x4/103250688%183 444 р.
Volvo V60 Cross Country I%2017 г. автомат, 2.0 л, бензин, универсал 118 550 км%https://cars.av.by/volvo/v60-cross-country/102074852%74 037 р.
BMW X2%2019 г. автомат, 2.0 л, дизель, внедорожник 5 дв. 62 500 км%https://cars.av.by/bmw/x2/103320290%96 168 р.
BMW 3 серия F34 (GT) · Рестайлинг%2018 г. автомат, 2.0 л, дизель, лифтбек 194 000 км%https://cars.av.by/bmw/3-seriya/104051807%70 334 р.
Lexus RX IV%2018 г. автомат, 2.0 л, бензин, внедорожник 5 дв. 55 000 км%https://cars.av.by/lexus/rx/104081730%130 621 р.
Lexus NX I · Рестайлинг%2019 г. вариатор, 2.5 л, бензин (гибрид), внедорожник 5 дв. 52 000 км%https://cars.av.by/lexus/nx/104080144%101 913 р.
BMW X3 G01%2019 г. автомат, 2.0 л, дизель, внедорожник 5 дв. 155 120 км%https://cars.av.by/bmw/x3/104081677%94 592 р.
Volvo V60 II%2018 г. автомат, 2.0 л, дизель, универсал 139 900 км%https://cars.av.by/volvo/v60/104081705%84 685 р.
BMW X3 G01%2019 г. автомат, 3.0 л, дизель, внедорожник 5 дв. 109 000 км%https://cars.av.by/bmw/x3/104081627%113 970 р.
BMW X4 F26%2018 г. автомат, 3.0 л, бензин, внедорожник 5 дв. 77 500 км%https://cars.av.by/bmw/x4/104081655%110 525 р.
BMW 5 серия G30, G31%2018 г. автомат, 2.0 л, дизель, универсал 160 000 км%https://cars.av.by/bmw/5-seriya/103433913%77 508 р.
BMW X5 F15, 7 мест%2018 г. автомат, 2.0 л, дизель, внедорожник 5 дв. 77 777 км%https://cars.av.by/bmw/x5/103668243%97 176 р.
BMW 3 серия G20%2019 г. автомат, 2.0 л, дизель, седан 89 000 км%https://cars.av.by/bmw/3-seriya/103776704%114 811 р.
Volvo V60 II%2020 г. автомат, 2.0 л, бензин, универсал 165 800 км%https://cars.av.by/volvo/v60/104004134%79 521 р.
BMW X3 G01%2018 г. автомат, 2.0 л, бензин, внедорожник 5 дв. 99 200 км%https://cars.av.by/bmw/x3/103319769%101 482 р.
BMW 5 серия G30, G31%2018 г. автомат, 3.0 л, дизель, седан 89 000 км%https://cars.av.by/bmw/5-seriya/104076402%139 233 р.
BMW 5 серия G30, G31%2018 г. автомат, 3.0 л, дизель, универсал 80 000 км%https://cars.av.by/bmw/5-seriya/103969558%109 061 р.
BMW X5 G05%2019 г. автомат, 3.0 л, дизель, внедорожник 5 дв. 74 500 км%https://cars.av.by/bmw/x5/104081526%228 802 р.
Volvo V90 II%2019 г. автомат, 2.0 л, дизель, универсал 250 000 км%https://cars.av.by/volvo/v90/104081512%76 076 р.
BMW X7 I, 7 мест%2020 г. автомат, 3.0 л, бензин, внедорожник 5 дв. 45 793 км%https://cars.av.by/bmw/x7/104059844%278 378 р.
BMW 5 серия G30, G31%2019 г. автомат, 2.0 л, бензин (гибрид), седан 73 400 км%https://cars.av.by/bmw/5-seriya/104029251%123 157 р.
BMW 3 серия F30,F31 · Рестайлинг%2016 г. автомат, 2.0 л, дизель, универсал 270 000 км%https://cars.av.by/bmw/3-seriya/102611309%58 851 р.
BMW 3 серия G20%2020 г. автомат, 2.0 л, бензин, седан 35 000 км%https://cars.av.by/bmw/3-seriya/103788607%142 104 р.
Audi A4 B9%2016 г. робот, 2.0 л, бензин, седан 75 000 км%https://cars.av.by/audi/a4/104081648%74 640 р.
Audi A4 B9%2018 г. робот, 1.4 л, бензин, седан 213 000 км%https://cars.av.by/audi/a4/104081316%59 425 р.
Audi Q5 FY%2018 г. робот, 2.0 л, бензин, внедорожник 5 дв. 59 000 км%https://cars.av.by/audi/q5/103433939%107 652 р.
Audi A6 C7 · Рестайлинг%2017 г. робот, 2.0 л, дизель, универсал 175 000 км%https://cars.av.by/audi/a6/100355422%73 205 р.
Audi Q5 FY%2018 г. робот, 2.0 л, бензин, внедорожник 5 дв. 77 000 км%https://cars.av.by/audi/q5/102002830%118 291 р.
BMW 5 серия G30, G31%2017 г. автомат, 2.0 л, дизель, седан 196 070 км%https://cars.av.by/bmw/5-seriya/103858250%108 286 р.
BMW 1 серия F40%2019 г. механика, 2.0 л, дизель, хэтчбек 5 дв. 175 000 км%https://cars.av.by/bmw/1-seriya/104149263%78 386 р.
BMW X5 G05%2023 г. автомат, 3.0 л, дизель, внедорожник 5 дв. 50 км%https://cars.av.by/bmw/x5/103996397%503 725 р.
BMW X7 I · Рестайлинг, 6 мест%2022 г. автомат, 3.0 л, дизель, внедорожник 5 дв. 20 км%https://cars.av.by/bmw/x7/103901723%567 229 р.
Lexus NX I%2017 г. вариатор, 2.5 л, бензин (гибрид), внедорожник 5 дв. 179 000 км%https://cars.av.by/lexus/nx/104149164%95 630 р.
Audi A6 C7 · Рестайлинг%2018 г. робот, 2.0 л, дизель, универсал 180 000 км%https://cars.av.by/audi/a6/104149217%79 782 р.
Audi Q3 F3%2020 г. автомат, 2.0 л, бензин, внедорожник 5 дв. 15 000 км%https://cars.av.by/audi/q3/104149224%123 992 р.
Volvo XC60 II%2019 г. автомат, 2.0 л, дизель, внедорожник 5 дв. 220 000 км%https://cars.av.by/volvo/xc60/101416269%90 642 р.
Volvo XC60 II%2019 г. автомат, 2.0 л, дизель, внедорожник 5 дв. 124 000 км%https://cars.av.by/volvo/xc60/104149219%113 160 р.
BMW 3 серия F30,F31 · Рестайлинг%2018 г. автомат, 2.0 л, бензин, седан 50 547 км%https://cars.av.by/bmw/3-seriya/104149050%68 406 р.
BMW 2 серия Gran Tourer F46%2017 г. автомат, 1.5 л, дизель, минивэн 94 800 км%https://cars.av.by/bmw/2-seriya-gran-tourer/104149194%49 882 р.
BMW 4 серия F36 (GT) (Рестайлинг)%2020 г. автомат, 2.0 л, бензин, лифтбек 58 560 км%https://cars.av.by/bmw/4-seriya/100769542%82 661 р.
Audi A4 B9%2019 г. робот, 2.0 л, дизель, универсал 180 000 км%https://cars.av.by/audi/a4/103609111%70 689 р.
BMW X7 I · Рестайлинг, 7 мест%2022 г. автомат, 4.0 л, дизель (гибрид), внедорожник 5 дв. 1 км%https://cars.av.by/bmw/x7/103914343%569 794 р.
Audi A6 C8%2019 г. робот, 2.0 л, дизель, универсал 192 000 км%https://cars.av.by/audi/a6/104148207%99 735 р.
BMW 5 серия G30, G31%2018 г. автомат, 2.0 л, дизель, универсал 167 000 км%https://cars.av.by/bmw/5-seriya/103619725%73 397 р.
BMW 5 серия G30, G31%2019 г. автомат, 2.0 л, бензин (гибрид), седан 37 000 км%https://cars.av.by/bmw/5-seriya/104128742%122 282 р.
Volvo XC90 II · Рестайлинг, 7 мест%2020 г. автомат, 2.0 л, бензин, внедорожник 5 дв. 15 600 км%https://cars.av.by/volvo/xc90/103868867%154 776 р.
Volvo V40 II · Рестайлинг%2019 г. автомат, 1.5 л, бензин, хэтчбек 5 дв. 27 740 км%https://cars.av.by/volvo/v40/103693747%76 105 р.
BMW X5 F15%2016 г. автомат, 3.0 л, дизель, внедорожник 5 дв. 198 624 км%https://cars.av.by/bmw/x5/103649507%135 108 р.
BMW X1 F48%2016 г. автомат, 2.0 л, бензин, внедорожник 5 дв. 75 075 км%https://cars.av.by/bmw/x1/103649065%87 222 р.
Lexus NX I%2016 г. автомат, 2.0 л, бензин, внедорожник 5 дв. 117 622 км%https://cars.av.by/lexus/nx/103500737%85 226 р.
Audi Q5 FY%2019 г. робот, 2.0 л, бензин, внедорожник 5 дв. 98 000 км%https://cars.av.by/audi/q5/104149468%99 478 р.
2018 FORD ESCAPE SE%Non-Repairable ( JT - MO )%https://www.copart.com/ru/lot/45156053/2018-ford-escape-se-fl-miami-central%$15,534.00
BMW X4 G02%2018 г. автомат, 2.0 л, бензин, внедорожник 5 дв. 62 000 км%https://cars.av.by/bmw/x4/103410855%138 078 р.
Lexus UX%Лизинг от 378 USD в месяц%https://cars.av.by/lexus/ux/104366114%116 212 р.
BMW 2 серия Gran Tourer F46 · Рестайлинг%2018 г. автомат, 2.0 л, дизель, минивэн 60 000 км%https://cars.av.by/bmw/2-seriya-gran-tourer/104366115%76 491 р.
2018 NISSAN SENTRA S%Non-Repairable ( JT - MO )%https://www.copart.com/ru/lot/45156073/2018-nissan-sentra-s-fl-miami-central%$13,457.00
BMW 3 серия F30F31  Рестайлинг%null%https://cars.av.by//bmw/3-seriya/104634803%23 900$
Volvo XC40%null%https://cars.av.by//volvo/xc40/104687292%32 600$
Audi A8 D5  Рестайлинг%null%https://cars.av.by//audi/a8/104687294%160 964$
Audi A6 C7  Рестайлинг%null%https://cars.av.by//audi/a6/104687267%26 500$
Volvo XC40%null%https://cars.av.by//volvo/xc40/104308819%31 800$
Volvo V60 Cross Country II%null%https://cars.av.by//volvo/v60-cross-country/104506665%30 650$
BMW X3 G01%null%https://cars.av.by//bmw/x3/104687219%38 750$
BMW 5 серия G30 G31%null%https://cars.av.by//bmw/5-seriya/104687159%32 900$
BMW 2 серия Gran Tourer F46  Рестайлинг%null%https://cars.av.by//bmw/2-seriya-gran-tourer/104687145%16 500$
Audi A6 C8%null%https://cars.av.by//audi/a6/104526371%34 200$
BMW 5 серия G30 G31%null%https://cars.av.by//bmw/5-seriya/104359672%38 950$
BMW X1 F48%null%https://cars.av.by//bmw/x1/103915255%19 950$
BMW 3 серия F30F31  Рестайлинг%null%https://cars.av.by//bmw/3-seriya/104392733%20 300$
BMW X6 G06%null%https://cars.av.by//bmw/x6/104687137%92 400$
BMW 6 серия G32%null%https://cars.av.by//bmw/6-seriya/104687098%55 000$
BMW X4 G02%null%https://cars.av.by//bmw/x4/104687099%50 400$
BMW X4 G02%null%https://cars.av.by//bmw/x4/104298732%52 000$
BMW 5 серия G30 G31  Рестайлинг%null%https://cars.av.by//bmw/5-seriya/104264069%73 507$
BMW X3 G01%null%https://cars.av.by//bmw/x3/104192214%39 300$
BMW 7 серия G11%null%https://cars.av.by//bmw/7-seriya/104112927%53 900$
BMW X6 F16%null%https://cars.av.by//bmw/x6/104074607%56 000$
BMW X1 U11%null%https://cars.av.by//bmw/x1/104059848%68 142$
BMW X1 U11%null%https://cars.av.by//bmw/x1/104003816%65 000$
BMW 3 серия G20%null%https://cars.av.by//bmw/3-seriya/103996387%42 700$
BMW X3 G01%null%https://cars.av.by//bmw/x3/103441396%39 799$
Audi Q7 4M  Рестайлинг%null%https://cars.av.by//audi/q7/104713831%66 950$
Audi Q8%null%https://cars.av.by//audi/q8/104672945%69 900$
BMW X1 F48  Рестайлинг%null%https://cars.av.by//bmw/x1/104693371%24 300$
BMW 5 серия G30 G31%null%https://cars.av.by//bmw/5-seriya/104745346%31 570$
BMW X3 G01%null%https://cars.av.by//bmw/x3/104400020%32 999$
BMW 3 серия F34 GT%null%https://cars.av.by//bmw/3-seriya/104731436%18 450$
Audi A3 8V  Рестайлинг%null%https://cars.av.by//audi/a3/103062233%17 200$
Lexus LX III  2й рестайлинг%null%https://cars.av.by//lexus/lx/104953012%176 021$
BMW Z4 G29%null%https://cars.av.by//bmw/z4/104737650%51 000$
BMW X4 G02%null%https://cars.av.by//bmw/x4/104622217%48 000$
Audi A5 F5%null%https://cars.av.by//audi/a5/104936287%36 500$
Audi A6 C8%null%https://cars.av.by//audi/a6/104693168%36 950$
Audi Q7 4M 7nbspмест%null%https://cars.av.by//audi/q7/104693006%48 500$
Audi Q8%null%https://cars.av.by//audi/q8/104476610%84 900$
BMW 7 серия G70%null%https://cars.av.by//bmw/7-seriya/104628978%187 000$
BMW 7 серия G12 Long%null%https://cars.av.by//bmw/7-seriya/104789188%42 900$
Audi Q5 FY%null%https://cars.av.by//audi/q5/104285256%36 999$
BMW 3 серия F30F31  Рестайлинг%null%https://cars.av.by//bmw/3-seriya/104127544%18 950$
Audi A4 B9%null%https://cars.av.by//audi/a4/104384543%23 550$
Audi Q8%null%https://cars.av.by//audi/q8/104384542%81 990$
Ford Mustang VI  Рестайлинг%null%https://cars.av.by//ford/mustang/104607720%29 850$
BMW X3 G01%null%https://cars.av.by//bmw/x3/104496935%37 999$
Volvo XC90 II 7nbspмест%null%https://cars.av.by//volvo/xc90/104371373%44 550$
BMW M5 F90%null%https://cars.av.by//bmw/m5/104952876%73 500$
BMW X5 G05%null%https://cars.av.by//bmw/x5/101414055%78 500$
BMW 3 серия G20%null%https://cars.av.by//bmw/3-seriya/104068542%41 490$
BMW 3 серия G20%null%https://cars.av.by//bmw/3-seriya/104952879%35 500$
BMW X5 G05%null%https://cars.av.by/bmw/x5/101414055%78 500$
BMW 3 серия G20%null%https://cars.av.by/bmw/3-seriya/104068542%41 490$
BMW 3 серия G20%null%https://cars.av.by/bmw/3-seriya/104952879%35 500$
BMW Z4 G29%null%https://cars.av.by/bmw/z4/104737650%51 000$
BMW X3 G01%null%https://cars.av.by/bmw/x3/103441396%39 799$
Audi Q7 4M  Рестайлинг%null%https://cars.av.by/audi/q7/104713831%66 950$
Audi Q8%null%https://cars.av.by/audi/q8/104672945%69 900$
BMW X1 F48  Рестайлинг%null%https://cars.av.by/bmw/x1/104693371%24 300$
BMW 5 серия G30 G31%null%https://cars.av.by/bmw/5-seriya/104745346%31 570$
BMW X3 G01%null%https://cars.av.by/bmw/x3/104400020%32 999$
BMW 3 серия F34 GT%null%https://cars.av.by/bmw/3-seriya/104731436%18 450$
Audi A3 8V  Рестайлинг%null%https://cars.av.by/audi/a3/103062233%17 200$
Lexus LX III  2й рестайлинг%null%https://cars.av.by/lexus/lx/104953012%176 021$
BMW X4 G02%null%https://cars.av.by/bmw/x4/104622217%48 000$
Audi A5 F5%null%https://cars.av.by/audi/a5/104936287%36 500$
Audi A6 C8%null%https://cars.av.by/audi/a6/104693168%36 950$
Audi Q7 4M 7nbspмест%null%https://cars.av.by/audi/q7/104693006%48 500$
Audi Q8%null%https://cars.av.by/audi/q8/104476610%84 900$
BMW 7 серия G70%null%https://cars.av.by/bmw/7-seriya/104628978%187 000$
BMW 7 серия G12 Long%null%https://cars.av.by/bmw/7-seriya/104789188%42 900$
Audi Q5 FY%null%https://cars.av.by/audi/q5/104285256%36 999$
BMW 3 серия F30F31  Рестайлинг%null%https://cars.av.by/bmw/3-seriya/104127544%18 950$
Audi A4 B9%null%https://cars.av.by/audi/a4/104384543%23 550$
Audi Q8%null%https://cars.av.by/audi/q8/104384542%81 990$
Ford Mustang VI  Рестайлинг%null%https://cars.av.by/ford/mustang/104607720%29 850$
BMW X1 F48%null%https://cars.av.by/bmw/x1/104276642%19 999$
BMW X7 I 7nbspмест%null%https://cars.av.by/bmw/x7/104745268%84 950$
BMW 3 серия G20%null%https://cars.av.by/bmw/3-seriya/104565018%37 000$
Audi A4 B9%null%https://cars.av.by/audi/a4/104898885%23 900$
BMW X5 G05%null%https://cars.av.by/bmw/x5/104692772%85 900$
BMW 3 серия F30F31  Рестайлинг%null%https://cars.av.by/bmw/3-seriya/104648254%24 350$
Audi A4 B9%null%https://cars.av.by/audi/a4/104648208%22 950$
BMW X1 F48  Рестайлинг%null%https://cars.av.by/bmw/x1/101829888%27 500$
BMW 2 серия Active Tourer F45  Рестайлинг%null%https://cars.av.by/bmw/2-seriya-active-tourer/103289523%17 999$
Volvo V40 II  Рестайлинг%null%https://cars.av.by/volvo/v40/104102699%16 499$
Audi A6 C8%null%https://cars.av.by/audi/a6/104568674%43 999$
Ford Mustang VI  Рестайлинг%null%https://cars.av.by/ford/mustang/104506379%28 999$
BMW 5 серия G30 G31%null%https://cars.av.by/bmw/5-seriya/104691967%45 999$
Audi SQ7 4M%null%https://cars.av.by/audi/sq7/104746178%81 999$
BMW 3 серия F34 GT  Рестайлинг%null%https://cars.av.by/bmw/3-seriya/104798149%20 499$
BMW X1 F48%null%https://cars.av.by/bmw/x1/104789284%27 499$
BMW X6 F16%null%https://cars.av.by/bmw/x6/104634338%35 500$
Volvo XC40%null%https://cars.av.by/volvo/xc40/104898895%30 999$
Audi A6 C8%null%https://cars.av.by/audi/a6/104314097%37 000$
Audi A6 C8%null%https://cars.av.by/audi/a6/104797841%36 750$
Volvo XC90 II 7nbspмест%null%https://cars.av.by/volvo/xc90/101081366%45 500$
Volvo S90 II%null%https://cars.av.by/volvo/s90/101750604%30 500$
Audi A4 Allroad B9  Рестайлинг%null%https://cars.av.by/audi/a4-allroad/104973337%34 999$
BMW X3 G01%null%https://cars.av.by/bmw/x3/102298125%37 800$
BMW 5 серия G30 G31%null%https://cars.av.by/bmw/5-seriya/104219455%55 850$
BMW X3 G01%null%https://cars.av.by/bmw/x3/104981670%49 990$
BMW 5 серия G30 G31%null%https://cars.av.by/bmw/5-seriya/104673873%41 950$
Audi A6 C7  Рестайлинг%null%https://cars.av.by/audi/a6/104981619%22 000$
BMW 3 серия G20%null%https://cars.av.by/bmw/3-seriya/104322592%37 000$
BMW i3 I01  Рестайлинг%null%https://cars.av.by/bmw/i3/104797381%23 950$
Audi Q3 F3%null%https://cars.av.by/audi/q3/104981602%34 600$
BMW 2 серия Gran Tourer F46  Рестайлинг%null%https://cars.av.by/bmw/2-seriya-gran-tourer/103758186%16 999$
Audi A7 4G  Рестайлинг%null%https://cars.av.by/audi/a7/104981509%33 333$
BMW 4 серия F36 GT Рестайлинг%null%https://cars.av.by/bmw/4-seriya/104787693%23 900$
Audi Q5 FY%null%https://cars.av.by/audi/q5/104787704%34 990$
Lexus NX I  Рестайлинг%null%https://cars.av.by/lexus/nx/104130153%47 990$
Volvo V90 II%null%https://cars.av.by/volvo/v90/104087759%28 490$
Audi A4 B9%null%https://cars.av.by/audi/a4/104313894%21 900$
BMW X3 G01%null%https://cars.av.by/bmw/x3/104549897%44 000$
BMW 3 серия F30F31  Рестайлинг%null%https://cars.av.by/bmw/3-seriya/103101267%26 000$
BMW X5 G05%null%https://cars.av.by/bmw/x5/104937341%63 500$
BMW 5 серия G30 G31%null%https://cars.av.by/bmw/5-seriya/104756488%38 299$
Audi A6 C7  Рестайлинг%null%https://cars.av.by/audi/a6/104687267%25 500$
Audi Q5 FY%null%https://cars.av.by/audi/q5/104461568%40 900$
Audi A7 Type 4K8%null%https://cars.av.by/audi/a7/104981217%63 400$
BMW 4 серия F32 F33 Рестайлинг%null%https://cars.av.by/bmw/4-seriya/104257069%37 900$
BMW 2 серия Gran Tourer F46%null%https://cars.av.by/bmw/2-seriya-gran-tourer/102584378%19 450$
Volvo V90 II%null%https://cars.av.by/volvo/v90/105001089%27 950$
BMW 5 серия G30 G31%null%https://cars.av.by/bmw/5-seriya/105001075%31 950$
BMW X4 G02%null%https://cars.av.by/bmw/x4/104098857%47 950$
Audi A4 B9  Рестайлинг%null%https://cars.av.by/audi/a4/105001058%35 950$
BMW 2 серия Gran Tourer F46  Рестайлинг%null%https://cars.av.by/bmw/2-seriya-gran-tourer/105001047%24 990$
BMW M4 F82 F83  Рестайлинг%null%https://cars.av.by/bmw/m4/104359637%65 000$
Audi A4 B9%null%https://cars.av.by/audi/a4/105001009%31 990$
BMW X3 G01%null%https://cars.av.by/bmw/x3/103848695%32 000$
BMW M3 F80%null%https://cars.av.by/bmw/m3/104736344%63 500$
BMW 5 серия G30 G31%null%https://cars.av.by/bmw/5-seriya/105000562%36 990$
Lexus CT I  2й рестайлинг%null%https://cars.av.by/lexus/ct/104731197%23 650$
BMW X1 F48%null%https://cars.av.by/bmw/x1/104780422%21 600$
BMW 5 серия G30 G31%null%https://cars.av.by/bmw/5-seriya/102633017%33 500$
BMW 5 серия G30 G31%null%https://cars.av.by/bmw/5-seriya/105000980%36 990$
BMW 3 серия F30F31  Рестайлинг%null%https://cars.av.by/bmw/3-seriya/105000960%30 500$
BMW 5 серия G30 G31%null%https://cars.av.by/bmw/5-seriya/105000946%43 500$
BMW 3 серия F34 GT  Рестайлинг%null%https://cars.av.by/bmw/3-seriya/105000901%26 600$
BMW X2%null%https://cars.av.by/bmw/x2/105000941%39 900$
Audi Q7 4M  Рестайлинг%null%https://cars.av.by/audi/q7/105000855%78 950$
Volvo V90 II%null%https://cars.av.by/volvo/v90/104905506%21 800$
BMW 2 серия Active Tourer F45%null%https://cars.av.by/bmw/2-seriya-active-tourer/105000932%15 990$
Audi A5 F5%null%https://cars.av.by/audi/a5/105000918%32 900$
BMW 3 серия F30F31  Рестайлинг%null%https://cars.av.by/bmw/3-seriya/105000859%25 200$
Audi A7 Type 4K8%null%https://cars.av.by/audi/a7/105000865%47 777$
Audi A6 C7  Рестайлинг%null%https://cars.av.by/audi/a6/103512557%27 900$
Audi Q7 4M%null%https://cars.av.by/audi/q7/103778469%39 800$
MINI Clubman F54%null%https://cars.av.by/mini/clubman/104799372%21 900$
Citroen C4 Picasso II  Рестайлинг%null%https://cars.av.by/citroen/c4-picasso/104745944%15 450$
Porsche Cayenne II  Рестайлинг  958%null%https://cars.av.by/porsche/cayenne/104607155%56 550$
Volkswagen Touareg I%null%https://cars.av.by/volkswagen/touareg/104564582%13 800$
Mazda CX7 I%null%https://cars.av.by/mazda/cx-7/104598245%7 900$
Fiat Marea%null%https://cars.av.by/fiat/marea/104954865%1999$
Hyundai Tucson III%null%https://cars.av.by/hyundai/tucson/104954664%19 999$
Honda Civic VIII  Рестайлинг%null%https://cars.av.by/honda/civic/104419752%6 525$
Peugeot 406 I  Рестайлинг%null%https://cars.av.by/peugeot/406/105000587%3 750$
Renault Clio II%null%https://cars.av.by/renault/clio/105001079%1250$
Ford Transit Tourneo%null%https://cars.av.by/ford/transit-tourneo/105001059%1050$
Renault Espace IV 7nbspмест%null%https://cars.av.by/renault/espace/103649151%6 750$
Volkswagen Passat B6%null%https://cars.av.by/volkswagen/passat/105001070%5 999$
Volkswagen Polo Sedan I  Рестайлинг%null%https://cars.av.by/volkswagen/polo-sedan/103511124%12 500$
Ford Ranger I%null%https://cars.av.by/ford/ranger/103683965%5 350$
Volkswagen Bora%null%https://cars.av.by/volkswagen/bora/100522166%5 250$
Volkswagen Golf VI%null%https://cars.av.by/volkswagen/golf/104860214%8 200$
Lexus LS IV  Рестайлинг%null%https://cars.av.by/lexus/ls/105001044%20 000$
Toyota Avensis Verso I 7nbspмест%null%https://cars.av.by/toyota/avensis-verso/105001013%5 750$
Peugeot 406 I%null%https://cars.av.by/peugeot/406/105001029%1500$
Peugeot 605 I  Рестайлинг%null%https://cars.av.by/peugeot/605/105001049%1100$
Mazda 626 GF%null%https://cars.av.by/mazda/626/105000991%2 600$
Opel Zafira A 7nbspмест%null%https://cars.av.by/opel/zafira/105001011%3 700$
Opel Astra J  Рестайлинг%null%https://cars.av.by/opel/astra/105001001%10 300$
MINI Countryman R60%null%https://cars.av.by/mini/countryman/104990065%12 000$
Renault Sandero II%null%https://cars.av.by/renault/sandero/105000985%7 000$
Nissan Maxima V A33%null%https://cars.av.by/nissan/maxima/105001048%5 000$
Nissan Juke YF15%null%https://cars.av.by/nissan/juke/104898523%10 350$
Volvo S80 II%null%https://cars.av.by/volvo/s80/104899455%11 300$
Volkswagen Touran I  2й рестайлинг%null%https://cars.av.by/volkswagen/touran/104955050%11 199$
BMW 5 серия E39%null%https://cars.av.by/bmw/5-seriya/105001096%7 000$
Opel Insignia I%null%https://cars.av.by/opel/insignia/102395333%11 500$
Audi 100 4A C4%null%https://cars.av.by/audi/100/105001003%3 000$
Volkswagen Passat B4%null%https://cars.av.by/volkswagen/passat/105001101%1350$
Lada ВАЗ 2101%null%https://cars.av.by/lada-vaz/2101/105000897%800$
Audi TT 8N%null%https://cars.av.by/audi/tt/104982106%6 900$
Renault Megane I%null%https://cars.av.by/renault/megane/105001103%431$
Nissan Sunny N14%null%https://cars.av.by/nissan/sunny/101251536%300$
Volkswagen Passat B5  Рестайлинг%null%https://cars.av.by/volkswagen/passat/105001035%6 750$
Mitsubishi Grandis 7nbspмест%null%https://cars.av.by/mitsubishi/grandis/105001098%4 500$
Volvo V40 I%null%https://cars.av.by/volvo/v40/105001099%2 200$
Chrysler Town and Country IV 7nbspмест%null%https://cars.av.by/chrysler/town-and-country/105001080%3 950$
Opel Zafira A 7nbspмест%null%https://cars.av.by/opel/zafira/105001107%3 500$
Volkswagen Golf II%null%https://cars.av.by/volkswagen/golf/105001083%1800$
Audi 100 4A C4%null%https://cars.av.by/audi/100/104118933%2 850$
Chevrolet Cruze J300  Рестайлинг%null%https://cars.av.by/chevrolet/cruze/105000964%8 000$
Chrysler Sebring II%null%https://cars.av.by/chrysler/sebring/104937716%3 750$
Toyota Yaris Verso I%null%https://cars.av.by/toyota/yaris-verso/105001094%3 300$
Volvo S60 II%null%https://cars.av.by/volvo/s60/105001109%9 900$
Infiniti G II%null%https://cars.av.by/infiniti/g/105001105%2 800$
BMW 3 серия F34 GT  Рестайлинг%null%https://cars.av.by/bmw/3-seriya/105001156%24 950$
BMW 5 серия G30 G31%null%https://cars.av.by/bmw/5-seriya/104990653%34 500$
BMW 3 серия F34 GT  Рестайлинг%null%https://cars.av.by/bmw/3-seriya/104667143%28 500$
Volvo XC40%null%https://cars.av.by/volvo/xc40/102517697%30 900$
BMW X3 G01%null%https://cars.av.by/bmw/x3/104955452%44 900$
Lexus NX I  Рестайлинг%null%https://cars.av.by/lexus/nx/104955425%38 950$
BMW X3 G01%null%https://cars.av.by/bmw/x3/104746125%30 900$
BMW 5 серия G30 G31%null%https://cars.av.by/bmw/5-seriya/104745747%37 999$
Volvo XC60 II%null%https://cars.av.by/volvo/xc60/104745621%36 450$
BMW 3 серия G20%null%https://cars.av.by/bmw/3-seriya/104745500%32 750$
Ford Mustang VI  Рестайлинг%null%https://cars.av.by/ford/mustang/104636184%32 000$
Volvo V60 II%null%https://cars.av.by/volvo/v60/104606805%27 950$
Volvo S90 II%null%https://cars.av.by/volvo/s90/104519544%30 900$
BMW 2 серия F22 Рестайлинг%null%https://cars.av.by/bmw/2-seriya/104399637%25 950$
BMW 5 серия G30 G31%null%https://cars.av.by/bmw/5-seriya/104392810%34 900$
Volvo V90 II%null%https://cars.av.by/volvo/v90/104366541%37 950$
Audi A4 B9%null%https://cars.av.by/audi/a4/104309295%24 600$
BMW 5 серия G30 G31%null%https://cars.av.by/bmw/5-seriya/104191854%35 900$
%null%https://cars.av.by/bmw/x5/104893756%79 300$
BMW X5 G05%null%https://cars.av.by/bmw/x5/104893756%79 300$
BMW 5 серия G30 G31%null%https://cars.av.by/bmw/x5/104893756%79 300$
BMW X5 F15%null%https://cars.av.by/bmw/x5/104893756%79 300$
BMW 3 серия G20%null%https://cars.av.by/bmw/x5/104893756%79 300$
BMW 3 серия F34 GT  Рестайлинг%null%https://cars.av.by/bmw/x5/104893756%79 300$
Volvo XC90 II%null%https://cars.av.by/bmw/x5/104893756%79 300$
BMW 3 серия F30F31  Рестайлинг%null%https://cars.av.by/bmw/x5/104893756%79 300$
BMW 5 серия G30 G31%null%https://cars.av.by/bmw/x5/104893756%79 300$
BMW 3 серия F34 GT  Рестайлинг%null%https://cars.av.by/bmw/x5/104893756%79 300$
Volvo XC40%null%https://cars.av.by/bmw/x5/104893756%79 300$
BMW X3 G01%null%https://cars.av.by/bmw/x5/104893756%79 300$
Lexus NX I  Рестайлинг%null%https://cars.av.by/bmw/x5/104893756%79 300$
BMW X3 G01%null%https://cars.av.by/bmw/x5/104893756%79 300$
BMW 5 серия G30 G31%null%https://cars.av.by/bmw/x5/104893756%79 300$
Volvo XC60 II%null%https://cars.av.by/bmw/x5/104893756%79 300$
BMW 3 серия G20%null%https://cars.av.by/bmw/x5/104893756%79 300$
Ford Mustang VI  Рестайлинг%null%https://cars.av.by/bmw/x5/104893756%79 300$
Volvo V60 II%null%https://cars.av.by/bmw/x5/104893756%79 300$
Volvo S90 II%null%https://cars.av.by/bmw/x5/104893756%79 300$
BMW 2 серия F22 Рестайлинг%null%https://cars.av.by/bmw/x5/104893756%79 300$
BMW 5 серия G30 G31%null%https://cars.av.by/bmw/x5/104893756%79 300$
BMW 5 серия G30 G31%null%https://cars.av.by/bmw/5-seriya/105001074%29 000$
BMW X5 F15%null%https://cars.av.by/bmw/x5/105000927%44 900$
BMW 3 серия G20%null%https://cars.av.by/bmw/3-seriya/105001139%30 800$
Volvo XC90 II%null%https://cars.av.by/volvo/xc90/105001082%47 950$
BMW 3 серия F30F31  Рестайлинг%null%https://cars.av.by/bmw/3-seriya/105001106%34 800$
Volkswagen Passat CC I%null%https://cars.av.by/volkswagen/passat-cc/105001163%10 000$
BMW X5 E70%null%https://cars.av.by/bmw/x5/102591517%20 300$
MercedesBenz CКласс W205 S205 C205 A205  Рестайлинг%null%https://cars.av.by/mercedes-benz/c-klass/104998150%23 998$
Volkswagen Touran II%null%https://cars.av.by/volkswagen/touran/105001121%27 555$
Volkswagen Passat B8%null%https://cars.av.by/volkswagen/passat/103778237%26 499$
MercedesBenz GLA X156 Рестайлинг%null%https://cars.av.by/mercedes-benz/gla/104803716%24 950$
Volkswagen Jetta VII%null%https://cars.av.by/volkswagen/jetta/104745472%21 500$
Audi Q3 F3%null%https://cars.av.by/audi/q3/103712135%37 200$
BMW 2 серия Gran Tourer F46  Рестайлинг%null%https://cars.av.by/bmw/2-seriya-gran-tourer/104359244%24 900$
BMW X5 G05%null%https://cars.av.by/bmw/x5/104946830%77 000$
BMW X4 G02%null%https://cars.av.by/bmw/x4/104906114%56 000$
Audi Q5 FY%null%https://cars.av.by/audi/q5/105026996%43 900$
Audi Q5 FY%null%https://cars.av.by/audi/q5/104967557%30 600$
BMW 5 серия G30 G31%null%https://cars.av.by/bmw/5-seriya/105027050%69 000$
BMW 5 серия G30 G31%null%https://cars.av.by/bmw/5-seriya/105027106%40 950$
BMW X4 G02%null%https://cars.av.by/bmw/x4/104129512%57 700$
Audi A6 C7  Рестайлинг%null%https://cars.av.by/audi/a6/105026993%29 800$
Lexus RX IV%null%https://cars.av.by/lexus/rx/105027044%47 000$
Audi S6 C8%null%https://cars.av.by/audi/s6/105027030%68 500$
Volvo XC60 II%null%https://cars.av.by/volvo/xc60/105026994%32 990$
BMW 3 серия G20%null%https://cars.av.by/bmw/3-seriya/105026684%42 500$
Volvo XC60 II%null%https://cars.av.by/volvo/xc60/104660472%25 900$
Audi Q7 4M 7nbspмест%null%https://cars.av.by/audi/q7/104496961%39 500$
Audi Q3 F3%null%https://cars.av.by/audi/q3/105026966%34 800$
Audi Q3 8U  Рестайлинг%null%https://cars.av.by/audi/q3/105026943%28 900$
BMW X5 G05%null%https://cars.av.by/bmw/x5/105026806%63 500$
BMW X7 I 6nbspмест%null%https://cars.av.by/bmw/x7/105026722%99 700$
Audi A4 B9%null%https://cars.av.by/audi/a4/105026848%21 950$
BMW X3 G01%null%https://cars.av.by/bmw/x3/103925409%41 350$
BMW X3 G01%null%https://cars.av.by/bmw/x3/104915966%36 900$
Audi A5 F5%null%https://cars.av.by/audi/a5/105027250%40 800$
Audi A7 Type 4K8%null%https://cars.av.by/audi/a7/105069427%57 000$
Audi Q7 4M%null%https://cars.av.by/audi/q7/104708752%49 500$
BMW 5 серия G30 G31%null%https://cars.av.by/bmw/5-seriya/105069320%33 750$
BMW X1 F48%null%https://cars.av.by/bmw/x1/104070178%19 650$
Volvo V90 II%null%https://cars.av.by/volvo/v90/105069329%33 200$
BMW 3 серия G20%null%https://cars.av.by/bmw/3-seriya/105069347%50 000$
BMW 3 серия F30F31  Рестайлинг%null%https://cars.av.by/bmw/3-seriya/105068722%19 300$
BMW X3M F97%null%https://cars.av.by/bmw/x3m/105069229%79 000$
BMW 3 серия G20%null%https://cars.av.by/bmw/3-seriya/105069247%37 200$
BMW X6 F16%null%https://cars.av.by/bmw/x6/105069107%49 900$
BMW X6 G06%null%https://cars.av.by/bmw/x6/104415709%160 000$
BMW 3 серия F30F31  Рестайлинг%null%https://cars.av.by/bmw/3-seriya/104162499%19 890$
Lexus RC I%null%https://cars.av.by/lexus/rc/104486479%34 980$
BMW 2 серия F44%null%https://cars.av.by/bmw/2-seriya/104806998%41 500$
BMW 3 серия G20%null%https://cars.av.by/bmw/3-seriya/105016867%41 200$
BMW 5 серия F10 F11  Рестайлинг%null%https://cars.av.by/bmw/5-seriya/105016858%23 950$
Volvo XC90 II  Рестайлинг 7nbspмест%null%https://cars.av.by/volvo/xc90/105069118%49 977$
Volvo XC90 II  Рестайлинг 7nbspмест%null%https://cars.av.by/volvo/xc90/104366365%59 990$
Audi A4 B9%null%https://cars.av.by/audi/a4/104983145%29 325$
Volkswagen Passat B6%null%https://cars.av.by/volkswagen/passat/105060626%6 500$
Volkswagen Passat B5  Рестайлинг%null%https://cars.av.by/volkswagen/passat/104991785%6 250$
MercedesBenz GLC Coupe C253  Рестайлинг%null%https://cars.av.by/mercedes-benz/glc-coupe/105069378%53 700$
MercedesBenz GLE W167%null%https://cars.av.by/mercedes-benz/gle/105069365%105 000$
Toyota RAV4 III XA30%null%https://cars.av.by/toyota/rav4/103472293%12 100$
MercedesBenz EКласс W211 S211%null%https://cars.av.by/mercedes-benz/e-klass/105034550%9 000$
MercedesBenz GLC X253%null%https://cars.av.by/mercedes-benz/glc/105008054%34 900$
BMW X5 F15%null%https://cars.av.by/bmw/x5/104189352%34 880$
Volkswagen Tiguan Allspace II 7nbspмест%null%https://cars.av.by/volkswagen/tiguan-allspace/105069391%29 150$
BMW 5 серия F10 F11%null%https://cars.av.by/bmw/5-seriya/104189952%19 500$
Toyota Aygo I AB10  Рестайлинг%null%https://cars.av.by/toyota/aygo/105024290%4 999$
Volkswagen Touareg I%null%https://cars.av.by/volkswagen/touareg/105069314%7 000$
MercedesBenz AКласс W168  Рестайлинг%null%https://cars.av.by/mercedes-benz/a-klass/104579239%4 399$
Volkswagen Passat CC I%null%https://cars.av.by/volkswagen/passat-cc/105069376%9 999$
Toyota RAV4 V XA50%null%https://cars.av.by/toyota/rav4/105069367%29 800$
MercedesBenz AКласс W168  Рестайлинг%null%https://cars.av.by/mercedes-benz/a-klass/101400134%5 500$
MercedesBenz GLE W167%null%https://cars.av.by/mercedes-benz/gle/105069285%73 700$
BMW i3 I01%null%https://cars.av.by/bmw/i3/102296911%18 000$
Volkswagen Golf VII  Рестайлинг%null%https://cars.av.by/volkswagen/golf/104512031%13 950$
Volkswagen Tiguan I  Рестайлинг%null%https://cars.av.by/volkswagen/tiguan/100663666%13 490$
BMW 5 серия F07 GT%null%https://cars.av.by/bmw/5-seriya/105069453%20 600$
Volkswagen Passat B6%null%https://cars.av.by/volkswagen/passat/105069406%6 100$
Toyota Corolla X E140 150%null%https://cars.av.by/toyota/corolla/105069417%8 500$
BMW X1 F48%null%https://cars.av.by/bmw/x1/104280700%19 300$
Toyota Yaris III XP130  Рестайлинг%null%https://cars.av.by/toyota/yaris/102664507%10 500$
Toyota Matrix II E140%null%https://cars.av.by/toyota/matrix/104635024%7 999$
BMW X6 G06%null%https://cars.av.by/bmw/x6/105069471%78 300$
Toyota RAV4 III XA30%null%https://cars.av.by/toyota/rav4/105069402%10 500$
Ford Mustang VI  Рестайлинг%null%https://cars.av.by/ford/mustang/105069408%35 000$
BMW 5 серия G30 G31%null%https://cars.av.by/bmw/5-seriya/105069486%39 700$
Audi A4 B9  Рестайлинг%null%https://cars.av.by/audi/a4/105069545%39 800$
BMW X4 G02%null%https://cars.av.by/bmw/x4/104549295%48 950$
BMW 4 серия  G22 G23%null%https://cars.av.by/bmw/4-seriya/105086329%68 900$
BMW X1 F48  Рестайлинг%null%https://cars.av.by/bmw/x1/105086282%32 950$
BMW iX%null%https://cars.av.by/bmw/ix/105086286%72 000$
Volvo V60 II%null%https://cars.av.by/volvo/v60/105069414%31 500$
Volvo XC40%null%https://cars.av.by/volvo/xc40/105086292%36 100$
BMW 3 серия G20%null%https://cars.av.by/bmw/3-seriya/105086262%31 000$
BMW X5 G05  Рестайлинг%null%https://cars.av.by/bmw/x5/105084917%155 300$
BMW 5 серия G30 G31%null%https://cars.av.by/bmw/5-seriya/105086272%33 500$
Audi Q5 FY%null%https://cars.av.by/audi/q5/103261222%33 900$
Volvo XC60 II%null%https://cars.av.by/volvo/xc60/105069576%37 700$
BMW 4 серия F32 F33 Рестайлинг%null%https://cars.av.by/bmw/4-seriya/104497247%27 350$
BMW 3 серия F30F31  Рестайлинг%null%https://cars.av.by/bmw/3-seriya/104265418%24 700$
BMW X1 F48%null%https://cars.av.by/bmw/x1/104858888%26 950$
Audi A4 B9%null%https://cars.av.by/audi/a4/105086105%24 800$
BMW X5 F15%null%https://cars.av.by/bmw/x5/105086128%43 500$
Audi Q7 4M 7nbspмест%null%https://cars.av.by/audi/q7/105086069%37 500$
BMW 3 серия F30F31  Рестайлинг%null%https://cars.av.by/bmw/3-seriya/105086058%26 500$
BMW X5 G05  Рестайлинг%null%https://cars.av.by/bmw/x5/105086039%177 000$
BMW 5 серия G30 G31%null%https://cars.av.by/bmw/5-seriya/105085944%40 000$
BMW 3 серия F34 GT  Рестайлинг%null%https://cars.av.by/bmw/3-seriya/105001208%36 675$
BMW X4 G02%null%https://cars.av.by/bmw/x4/104903969%57 000$
BMW 2 серия G42%null%https://cars.av.by/bmw/2-seriya/104629515%63 000$
Audi etron S I%null%https://cars.av.by/audi/e-tron-s/105086310%90 000$
Ford Mustang VI  Рестайлинг%null%https://cars.av.by/ford/mustang/104972355%28 800$
BMW 5 серия G30 G31%null%https://cars.av.by/bmw/5-seriya/104972115%23 900$
BMW X7 I 7nbspмест%null%https://cars.av.by/bmw/x7/104243432%87 500$
Volvo XC90 II 7nbspмест%null%https://cars.av.by/volvo/xc90/103638593%44 900$
Volvo XC90 II  Рестайлинг 7nbspмест%null%https://cars.av.by/volvo/xc90/103409588%48 700$
Ford Mustang VI  Рестайлинг%null%https://cars.av.by/ford/mustang/103323041%49 900$
Ford Mustang VI  Рестайлинг%null%https://cars.av.by/ford/mustang/103321105%29 900$
BMW i3 I01  Рестайлинг%null%https://cars.av.by/bmw/i3/101934512%18 500$
BMW X3 G01%null%https://cars.av.by/bmw/x3/105077637%38 650$
BMW 3 серия G20%null%https://cars.av.by/bmw/3-seriya/105306150%40 500$
BMW 5 серия G30 G31%null%https://cars.av.by/bmw/5-seriya/101216773%46 900$
Volvo V90 Cross Country I%null%https://cars.av.by/volvo/v90-cross-country/104762864%32 490$
Audi Q3 F3%null%https://cars.av.by/audi/q3/103423572%33 500$
BMW 2 серия Gran Tourer F46%null%https://cars.av.by/bmw/2-seriya-gran-tourer/104163039%18 600$
BMW 5 серия G30 G31%null%https://cars.av.by/bmw/5-seriya/104113306%46 300$
Volvo XC60 II%null%https://cars.av.by/volvo/xc60/104618407%34 800$
Audi Q5 FY%null%https://cars.av.by/audi/q5/104618284%27 700$
BMW 5 серия F10 F11  Рестайлинг%null%https://cars.av.by/bmw/5-seriya/104723748%25 600$
BMW 5 серия G30 G31%null%https://cars.av.by/bmw/5-seriya/104710444%33 600$
BMW 2 серия F44%null%https://cars.av.by/bmw/2-seriya/104972774%39 000$
Audi Q5 FY%null%https://cars.av.by/audi/q5/104920655%32 100$
BMW 3 серия G20%null%https://cars.av.by/bmw/3-seriya/105513356%58 000$
BMW 3 серия F30F31  Рестайлинг%null%https://cars.av.by/bmw/3-seriya/104392733%18 500$
BMW 5 серия G30 G31%null%https://cars.av.by/bmw/5-seriya/105564053%33 900$
BMW 5 серия G30 G31  Рестайлинг%null%https://cars.av.by/bmw/5-seriya/105398750%43 900$
BMW X6 F16%null%https://cars.av.by/bmw/x6/105564019%41 750$
BMW 1 серия F40%null%https://cars.av.by/bmw/1-seriya/105563926%23 950$
BMW X5 G05%null%https://cars.av.by/bmw/x5/105288647%68 900$
Audi A4 B9%null%https://cars.av.by/audi/a4/105563618%23 500$
BMW 2 серия Gran Tourer F46  Рестайлинг%null%https://cars.av.by/bmw/2-seriya-gran-tourer/105523919%22 900$
BMW 5 серия G30 G31%null%https://cars.av.by/bmw/5-seriya/104991172%34 600$
Audi A3 8V  Рестайлинг%null%https://cars.av.by/audi/a3/105555716%18 499$
BMW X1 F48  Рестайлинг%null%https://cars.av.by/bmw/x1/103767821%34 575$
BMW X1 F48  Рестайлинг%null%https://cars.av.by/bmw/x1/103767268%34 575$
BMW 3 серия G20%null%https://cars.av.by/bmw/3-seriya/102465646%49 999$
BMW X5 F15%null%https://cars.av.by/bmw/x5/102030402%33 499$
BMW 4 серия F36 GT Рестайлинг%null%https://cars.av.by/bmw/4-seriya/105107036%21 500$
Audi A4 B9  Рестайлинг%null%https://cars.av.by/audi/a4/105026643%36 500$
BMW 3 серия G20%null%https://cars.av.by/bmw/3-seriya/105554256%27 350$
BMW 3 серия F34 GT  Рестайлинг%null%https://cars.av.by/bmw/3-seriya/105154459%26 990$
Audi Q5 FY%null%https://cars.av.by/audi/q5/105516690%38 200$
BMW X3 F25  Рестайлинг%null%https://cars.av.by/bmw/x3/105563835%25 800$